debug 2024/07/13 15:49:21 startTimestamp:  1719656360554
debug 2024/07/13 15:49:21 endTimestamp:  1720261160554
debug 2024/07/13 15:49:21 [{2024-06-30 Moms cheat doughnuts Moms cheat doughnuts  98 42 0 556}]
debug 2024/07/13 15:49:32 startTimestamp:  1719051560554
debug 2024/07/13 15:49:32 endTimestamp:  1719656360554
debug 2024/07/13 15:49:32 [{2024-06-27 Chef flowers simple sunday brunch omelette Chef flowers simple sunday brunch omelette  97 69 0 468} {2024-06-26 Migas lite for 2 Migas lite for 2  64 41 0 834} {2024-06-25 Cheery cherry muffins Cheery cherry muffins  56 24 0 694} {2024-06-24    0 0 0 0} {2024-06-23 Nats cucumber cream cheese bagel Nats cucumber cream cheese bagel  6 45 0 598} {2024-06-29 Baked swiss cheese omelet Baked swiss cheese omelet  75 1 0 762} {2024-06-28 Ginger lemon muffins Ginger lemon muffins  91 65 0 888}]
debug 2024/07/13 15:49:51 startTimestamp:  1718446760554
debug 2024/07/13 15:49:51 endTimestamp:  1719051560554
debug 2024/07/13 15:49:51 [{2024-06-17 Chicken and egg on rice oyako donburi Chicken and egg on rice oyako donburi  95 87 0 908} {2024-06-16 Pikelets australian pancakes Pikelets australian pancakes  9 77 0 928} {2024-06-15  Creamy scrambled eggs in the microwave  96 48 0 248} {2024-06-22 Nats cucumber cream cheese bagel Nats cucumber cream cheese bagel  36 14 0 626} {2024-06-21 Nats cucumber cream cheese bagel Nats cucumber cream cheese bagel  36 14 0 626} {2024-06-20 Wake up stuffed french breakfast panini Wake up stuffed french breakfast panini  68 15 0 868} {2024-06-19 Banana blueberry oatmeal bread Banana blueberry oatmeal bread  6 29 0 940} {2024-06-18 Breakfast casserole seasoned with country gravy Breakfast casserole seasoned with country gravy  43 95 0 932}]
debug 2024/07/13 15:50:32 startTimestamp:  1717841960554
debug 2024/07/13 15:50:32 endTimestamp:  1718446760554
debug 2024/07/13 15:50:32 [{2024-06-15 Creamy scrambled eggs in the microwave   96 48 0 248} {2024-06-14 Vanilla fruit dip Vanilla fruit dip  10 14 0 742} {2024-06-13 Grandmas swedish thin pancakes Grandmas swedish thin pancakes  70 39 0 918} {2024-06-12 Oatmeal cookie granola Oatmeal cookie granola  98 71 0 546} {2024-06-11 Green mountain granola Green mountain granola  37 91 0 850} {2024-06-10 Canadian bacon cheese omelet Canadian bacon cheese omelet  16 100 0 406} {2024-06-09 Broiled cinnamon toast Broiled cinnamon toast  12 90 0 634} {2024-06-08  Grilled cheese on raisin bread  85 15 0 492}]
debug 2024/07/13 15:51:13 startTimestamp:  1717237160554
debug 2024/07/13 15:51:13 endTimestamp:  1717841960554
debug 2024/07/13 15:51:13 [{2024-06-04 3 meat breakfast pizza 3 meat breakfast pizza  100 96 0 520} {2024-06-03 Chicken and egg on rice oyako donburi Chicken and egg on rice oyako donburi  36 9 0 556} {2024-06-02 A faster egg muffin A faster egg muffin  41 72 0 962} {2024-06-08 Grilled cheese on raisin bread   85 15 0 492} {2024-06-07 Scrambled eggs oeufs brouills Scrambled eggs oeufs brouills  65 61 0 682} {2024-06-06 Banana blueberry oatmeal bread Banana blueberry oatmeal bread  6 29 0 940} {2024-06-05 Ginger lemon muffins Ginger lemon muffins  14 23 0 804}]
debug 2024/07/13 15:51:15 startTimestamp:  1717841960554
debug 2024/07/13 15:51:15 endTimestamp:  1718446760554
debug 2024/07/13 15:51:15 [{2024-06-13 Grandmas swedish thin pancakes Grandmas swedish thin pancakes  70 39 0 918} {2024-06-12 Oatmeal cookie granola Oatmeal cookie granola  98 71 0 546} {2024-06-11 Green mountain granola Green mountain granola  37 91 0 850} {2024-06-10 Canadian bacon cheese omelet Canadian bacon cheese omelet  16 100 0 406} {2024-06-09 Broiled cinnamon toast Broiled cinnamon toast  12 90 0 634} {2024-06-08  Grilled cheese on raisin bread  85 15 0 492} {2024-06-15 Creamy scrambled eggs in the microwave   96 48 0 248} {2024-06-14 Vanilla fruit dip Vanilla fruit dip  10 14 0 742}]
debug 2024/07/13 15:51:19 startTimestamp:  1717237160554
debug 2024/07/13 15:51:19 endTimestamp:  1717841960554
debug 2024/07/13 15:51:19 [{2024-06-06 Banana blueberry oatmeal bread Banana blueberry oatmeal bread  6 29 0 940} {2024-06-05 Ginger lemon muffins Ginger lemon muffins  14 23 0 804} {2024-06-04 3 meat breakfast pizza 3 meat breakfast pizza  100 96 0 520} {2024-06-03 Chicken and egg on rice oyako donburi Chicken and egg on rice oyako donburi  36 9 0 556} {2024-06-02 A faster egg muffin A faster egg muffin  41 72 0 962} {2024-06-08 Grilled cheese on raisin bread   85 15 0 492} {2024-06-07 Scrambled eggs oeufs brouills Scrambled eggs oeufs brouills  65 61 0 682}]
debug 2024/07/13 15:51:21 startTimestamp:  1717841960554
debug 2024/07/13 15:51:21 endTimestamp:  1718446760554
debug 2024/07/13 15:51:21 [{2024-06-14 Vanilla fruit dip Vanilla fruit dip  10 14 0 742} {2024-06-13 Grandmas swedish thin pancakes Grandmas swedish thin pancakes  70 39 0 918} {2024-06-12 Oatmeal cookie granola Oatmeal cookie granola  98 71 0 546} {2024-06-11 Green mountain granola Green mountain granola  37 91 0 850} {2024-06-10 Canadian bacon cheese omelet Canadian bacon cheese omelet  16 100 0 406} {2024-06-09 Broiled cinnamon toast Broiled cinnamon toast  12 90 0 634} {2024-06-08  Grilled cheese on raisin bread  85 15 0 492} {2024-06-15 Creamy scrambled eggs in the microwave   96 48 0 248}]
debug 2024/07/13 15:51:21 startTimestamp:  1718446760554
debug 2024/07/13 15:51:21 endTimestamp:  1719051560554
debug 2024/07/13 15:51:21 [{2024-06-17 Chicken and egg on rice oyako donburi Chicken and egg on rice oyako donburi  95 87 0 908} {2024-06-16 Pikelets australian pancakes Pikelets australian pancakes  9 77 0 928} {2024-06-15  Creamy scrambled eggs in the microwave  96 48 0 248} {2024-06-22 Nats cucumber cream cheese bagel Nats cucumber cream cheese bagel  36 14 0 626} {2024-06-21 Nats cucumber cream cheese bagel Nats cucumber cream cheese bagel  36 14 0 626} {2024-06-20 Wake up stuffed french breakfast panini Wake up stuffed french breakfast panini  68 15 0 868} {2024-06-19 Banana blueberry oatmeal bread Banana blueberry oatmeal bread  6 29 0 940} {2024-06-18 Breakfast casserole seasoned with country gravy Breakfast casserole seasoned with country gravy  43 95 0 932}]
debug 2024/07/13 15:51:23 startTimestamp:  1719051560554
debug 2024/07/13 15:51:23 endTimestamp:  1719656360554
debug 2024/07/13 15:51:23 [{2024-06-29 Baked swiss cheese omelet Baked swiss cheese omelet  75 1 0 762} {2024-06-28 Ginger lemon muffins Ginger lemon muffins  91 65 0 888} {2024-06-27 Chef flowers simple sunday brunch omelette Chef flowers simple sunday brunch omelette  97 69 0 468} {2024-06-26 Migas lite for 2 Migas lite for 2  64 41 0 834} {2024-06-25 Cheery cherry muffins Cheery cherry muffins  56 24 0 694} {2024-06-24    0 0 0 0} {2024-06-23 Nats cucumber cream cheese bagel Nats cucumber cream cheese bagel  6 45 0 598}]
debug 2024/07/13 15:51:28 startTimestamp:  1719656360554
debug 2024/07/13 15:51:28 endTimestamp:  1720261160554
debug 2024/07/13 15:51:28 [{2024-06-30 Moms cheat doughnuts Moms cheat doughnuts  98 42 0 556}]
debug 2024/07/13 15:51:29 startTimestamp:  1720261160554
debug 2024/07/13 15:51:29 endTimestamp:  1720865960554
debug 2024/07/13 15:51:29 [{2024-07-06 bla bla Grandmas swedish thin pancakes Blueberry banana happy face pancakes 23 76 0 1766}]
debug 2024/07/13 15:51:30 startTimestamp:  1720865960554
debug 2024/07/13 15:51:30 endTimestamp:  1721470760554
debug 2024/07/13 15:51:30 []
debug 2024/07/13 15:51:31 startTimestamp:  1721470760554
debug 2024/07/13 15:51:31 endTimestamp:  1722075560554
debug 2024/07/13 15:51:31 []
debug 2024/07/13 15:51:33 startTimestamp:  1720865960554
debug 2024/07/13 15:51:33 endTimestamp:  1721470760554
debug 2024/07/13 15:51:33 []
debug 2024/07/13 15:51:34 startTimestamp:  1720261160554
debug 2024/07/13 15:51:34 endTimestamp:  1720865960554
debug 2024/07/13 15:51:34 [{2024-07-06 bla bla Grandmas swedish thin pancakes Blueberry banana happy face pancakes 23 76 0 1766}]
debug 2024/07/13 15:51:34 startTimestamp:  1719656360554
debug 2024/07/13 15:51:34 endTimestamp:  1720261160554
debug 2024/07/13 15:51:34 [{2024-06-30 Moms cheat doughnuts Moms cheat doughnuts  98 42 0 556}]
debug 2024/07/13 15:51:36 startTimestamp:  1719051560554
debug 2024/07/13 15:51:36 endTimestamp:  1719656360554
debug 2024/07/13 15:51:36 [{2024-06-25 Cheery cherry muffins Cheery cherry muffins  56 24 0 694} {2024-06-24    0 0 0 0} {2024-06-23 Nats cucumber cream cheese bagel Nats cucumber cream cheese bagel  6 45 0 598} {2024-06-29 Baked swiss cheese omelet Baked swiss cheese omelet  75 1 0 762} {2024-06-28 Ginger lemon muffins Ginger lemon muffins  91 65 0 888} {2024-06-27 Chef flowers simple sunday brunch omelette Chef flowers simple sunday brunch omelette  97 69 0 468} {2024-06-26 Migas lite for 2 Migas lite for 2  64 41 0 834}]
debug 2024/07/13 15:51:37 startTimestamp:  1718446760554
debug 2024/07/13 15:51:37 endTimestamp:  1719051560554
debug 2024/07/13 15:51:37 [{2024-06-16 Pikelets australian pancakes Pikelets australian pancakes  9 77 0 928} {2024-06-15  Creamy scrambled eggs in the microwave  96 48 0 248} {2024-06-22 Nats cucumber cream cheese bagel Nats cucumber cream cheese bagel  36 14 0 626} {2024-06-21 Nats cucumber cream cheese bagel Nats cucumber cream cheese bagel  36 14 0 626} {2024-06-20 Wake up stuffed french breakfast panini Wake up stuffed french breakfast panini  68 15 0 868} {2024-06-19 Banana blueberry oatmeal bread Banana blueberry oatmeal bread  6 29 0 940} {2024-06-18 Breakfast casserole seasoned with country gravy Breakfast casserole seasoned with country gravy  43 95 0 932} {2024-06-17 Chicken and egg on rice oyako donburi Chicken and egg on rice oyako donburi  95 87 0 908}]
debug 2024/07/13 15:51:38 startTimestamp:  1717841960554
debug 2024/07/13 15:51:38 endTimestamp:  1718446760554
debug 2024/07/13 15:51:38 [{2024-06-14 Vanilla fruit dip Vanilla fruit dip  10 14 0 742} {2024-06-13 Grandmas swedish thin pancakes Grandmas swedish thin pancakes  70 39 0 918} {2024-06-12 Oatmeal cookie granola Oatmeal cookie granola  98 71 0 546} {2024-06-11 Green mountain granola Green mountain granola  37 91 0 850} {2024-06-10 Canadian bacon cheese omelet Canadian bacon cheese omelet  16 100 0 406} {2024-06-09 Broiled cinnamon toast Broiled cinnamon toast  12 90 0 634} {2024-06-08  Grilled cheese on raisin bread  85 15 0 492} {2024-06-15 Creamy scrambled eggs in the microwave   96 48 0 248}]
debug 2024/07/13 15:51:38 startTimestamp:  1717237160554
debug 2024/07/13 15:51:38 endTimestamp:  1717841960554
debug 2024/07/13 15:51:38 [{2024-06-03 Chicken and egg on rice oyako donburi Chicken and egg on rice oyako donburi  36 9 0 556} {2024-06-02 A faster egg muffin A faster egg muffin  41 72 0 962} {2024-06-08 Grilled cheese on raisin bread   85 15 0 492} {2024-06-07 Scrambled eggs oeufs brouills Scrambled eggs oeufs brouills  65 61 0 682} {2024-06-06 Banana blueberry oatmeal bread Banana blueberry oatmeal bread  6 29 0 940} {2024-06-05 Ginger lemon muffins Ginger lemon muffins  14 23 0 804} {2024-06-04 3 meat breakfast pizza 3 meat breakfast pizza  100 96 0 520}]
debug 2024/07/13 15:51:41 startTimestamp:  1716632360554
debug 2024/07/13 15:51:41 endTimestamp:  1717237160554
debug 2024/07/13 15:51:41 [{2024-06-01 Country scrambled eggs Country scrambled eggs  49 21 0 596} {2024-05-31 Pikelets australian pancakes Pikelets australian pancakes  9 77 0 928} {2024-05-30 Scrambled egg sandwiches with onions and red peppers Scrambled egg sandwiches with onions and red peppers  72 66 0 634} {2024-05-29 Vanilla fruit dip Vanilla fruit dip  52 80 0 412} {2024-05-28 Scrambled egg sandwiches with onions and red peppers Scrambled egg sandwiches with onions and red peppers  72 66 0 634} {2024-05-27 Creamy scrambled eggs in the microwave Creamy scrambled eggs in the microwave  28 78 0 786} {2024-05-26 Asparagus omelette wraps Asparagus omelette wraps  63 31 0 532}]
debug 2024/07/13 15:51:43 startTimestamp:  1717237160554
debug 2024/07/13 15:51:43 endTimestamp:  1717841960554
debug 2024/07/13 15:51:43 [{2024-06-03 Chicken and egg on rice oyako donburi Chicken and egg on rice oyako donburi  36 9 0 556} {2024-06-02 A faster egg muffin A faster egg muffin  41 72 0 962} {2024-06-08 Grilled cheese on raisin bread   85 15 0 492} {2024-06-07 Scrambled eggs oeufs brouills Scrambled eggs oeufs brouills  65 61 0 682} {2024-06-06 Banana blueberry oatmeal bread Banana blueberry oatmeal bread  6 29 0 940} {2024-06-05 Ginger lemon muffins Ginger lemon muffins  14 23 0 804} {2024-06-04 3 meat breakfast pizza 3 meat breakfast pizza  100 96 0 520}]
debug 2024/07/13 15:51:44 startTimestamp:  1716632360554
debug 2024/07/13 15:51:44 endTimestamp:  1717237160554
debug 2024/07/13 15:51:44 [{2024-05-27 Creamy scrambled eggs in the microwave Creamy scrambled eggs in the microwave  28 78 0 786} {2024-05-26 Asparagus omelette wraps Asparagus omelette wraps  63 31 0 532} {2024-06-01 Country scrambled eggs Country scrambled eggs  49 21 0 596} {2024-05-31 Pikelets australian pancakes Pikelets australian pancakes  9 77 0 928} {2024-05-30 Scrambled egg sandwiches with onions and red peppers Scrambled egg sandwiches with onions and red peppers  72 66 0 634} {2024-05-29 Vanilla fruit dip Vanilla fruit dip  52 80 0 412} {2024-05-28 Scrambled egg sandwiches with onions and red peppers Scrambled egg sandwiches with onions and red peppers  72 66 0 634}]
debug 2024/07/13 15:52:03 startTimestamp:  1716027560554
debug 2024/07/13 15:52:03 endTimestamp:  1716632360554
debug 2024/07/13 15:52:03 [{2024-05-19 Eggs in a basket Eggs in a basket  77 3 0 448} {2024-05-25 Ham omelet deluxe Ham omelet deluxe  71 89 0 488} {2024-05-24 Scrambled egg sandwiches with onions and red peppers Scrambled egg sandwiches with onions and red peppers  39 33 0 940} {2024-05-23 Blackberry breakfast bars Blackberry breakfast bars  54 5 0 646} {2024-05-22 Tomato and mushroom omelette Tomato and mushroom omelette  36 96 0 436} {2024-05-21 6 week bran muffins auntie annes muffins 6 week bran muffins auntie annes muffins  25 18 0 458} {2024-05-20 Grilled cheese on raisin bread Grilled cheese on raisin bread  85 15 0 984}]
debug 2024/07/13 15:52:10 startTimestamp:  1715422760554
debug 2024/07/13 15:52:10 endTimestamp:  1716027560554
debug 2024/07/13 15:52:10 [{2024-05-18 Nats cucumber cream cheese bagel Nats cucumber cream cheese bagel  6 45 0 598} {2024-05-17 Breakfast casserole seasoned with country gravy Breakfast casserole seasoned with country gravy  43 95 0 932} {2024-05-16 Whole grain pancake mix Whole grain pancake mix  70 61 0 406} {2024-05-15 Pikelets australian pancakes Pikelets australian pancakes  22 90 0 582} {2024-05-14 Eggs in a basket Eggs in a basket  19 81 0 794} {2024-05-13 Creamy scrambled eggs in the microwave Creamy scrambled eggs in the microwave  28 78 0 786} {2024-05-12 Chef flowers simple sunday brunch omelette Chef flowers simple sunday brunch omelette  97 69 0 468}]
debug 2024/07/13 15:52:14 startTimestamp:  1714817960554
debug 2024/07/13 15:52:14 endTimestamp:  1715422760554
debug 2024/07/13 15:52:14 [{2024-05-09 Blueberry banana happy face pancakes Blueberry banana happy face pancakes  33 55 0 744} {2024-05-08 Sausage gravy for biscuits and gravy Sausage gravy for biscuits and gravy  7 88 0 404} {2024-05-07 Chef flowers simple sunday brunch omelette Chef flowers simple sunday brunch omelette  15 92 0 450} {2024-05-06 Asparagus omelette wraps Asparagus omelette wraps  39 61 0 806} {2024-05-05 Creamy scrambled eggs in the microwave Creamy scrambled eggs in the microwave  96 48 0 496} {2024-05-04  Moms cheat doughnuts  19 84 0 245} {2024-05-11 Country scrambled eggs Country scrambled eggs  49 21 0 596} {2024-05-10 Awesome orange chocolate muffins Awesome orange chocolate muffins  3 51 0 578}]
debug 2024/07/13 15:52:17 startTimestamp:  1714213160554
debug 2024/07/13 15:52:17 endTimestamp:  1714817960554
debug 2024/07/13 15:52:17 [{2024-04-27    0 0 0 0} {2024-05-04 Moms cheat doughnuts   19 84 0 245} {2024-05-03 Moms cheat doughnuts Moms cheat doughnuts  98 42 0 556} {2024-05-02 Vanilla fruit dip Vanilla fruit dip  52 80 0 412} {2024-05-01 Chili jack oven omelet Chili jack oven omelet  32 57 0 752} {2024-04-30 Breakfast casserole seasoned with country gravy Breakfast casserole seasoned with country gravy  43 95 0 932} {2024-04-29 Wake up stuffed french breakfast panini Wake up stuffed french breakfast panini  68 15 0 868} {2024-04-28 Ham omelet deluxe Ham omelet deluxe  71 89 0 488}]
debug 2024/07/13 15:52:19 startTimestamp:  1713608360554
debug 2024/07/13 15:52:19 endTimestamp:  1714213160554
debug 2024/07/13 15:52:19 [{2024-04-23 Grilled cheese on raisin bread Grilled cheese on raisin bread  84 31 0 964} {2024-04-22 Blackberry breakfast bars Blackberry breakfast bars  54 5 0 646} {2024-04-21 Cheesecake kugel Cheesecake kugel  48 13 0 754} {2024-04-20  Oatmeal cookie granola  2 48 0 424} {2024-04-27    0 0 0 0} {2024-04-26 Country scrambled eggs Country scrambled eggs  50 14 0 842} {2024-04-25 Asparagus omelette wraps Asparagus omelette wraps  39 61 0 806} {2024-04-24 Moms cheat doughnuts Moms cheat doughnuts  19 84 0 490}]
debug 2024/07/13 15:52:20 startTimestamp:  1713003560554
debug 2024/07/13 15:52:20 endTimestamp:  1713608360554
debug 2024/07/13 15:52:20 [{2024-04-16 Sleepy twisted sisters g n g breakfast ramekin Sleepy twisted sisters g n g breakfast ramekin  96 98 0 440} {2024-04-15 Chili jack oven omelet Chili jack oven omelet  39 54 0 826} {2024-04-14 Pumpkin french toast with toasted walnuts Pumpkin french toast with toasted walnuts  7 39 0 780} {2024-04-13  Mamas fruit cobbler  29 55 0 382} {2024-04-20 Oatmeal cookie granola   2 48 0 424} {2024-04-19 Blueberry banana happy face pancakes Blueberry banana happy face pancakes  51 33 0 980} {2024-04-18 Moms cheat doughnuts Moms cheat doughnuts  19 84 0 490} {2024-04-17 Whole grain pancake mix Whole grain pancake mix  70 61 0 406}]
debug 2024/07/13 15:52:21 startTimestamp:  1712398760554
debug 2024/07/13 15:52:21 endTimestamp:  1713003560554
debug 2024/07/13 15:52:21 [{2024-04-13 Mamas fruit cobbler   29 55 0 382} {2024-04-12 Fresh mango bread Fresh mango bread  13 90 0 768} {2024-04-11 Cheesecake kugel Cheesecake kugel  48 13 0 754} {2024-04-10 Scrambled egg sandwiches with onions and red peppers Scrambled egg sandwiches with onions and red peppers  72 66 0 634} {2024-04-09 Chili jack oven omelet Chili jack oven omelet  18 37 0 838} {2024-04-08 Breakfast casserole seasoned with country gravy Breakfast casserole seasoned with country gravy  51 8 0 668} {2024-04-07 Blueberry banana happy face pancakes Blueberry banana happy face pancakes  33 55 0 744}]
debug 2024/07/13 15:52:22 startTimestamp:  1711793960554
debug 2024/07/13 15:52:22 endTimestamp:  1712398760554
debug 2024/07/13 15:52:22 [{2024-04-06 Pikelets australian pancakes Pikelets australian pancakes  52 68 0 480} {2024-04-05 Moms cheat doughnuts Moms cheat doughnuts  98 42 0 556} {2024-04-04 Eggs in a basket Eggs in a basket  77 3 0 448} {2024-04-03 Scrambled eggs oeufs brouills Scrambled eggs oeufs brouills  65 61 0 682} {2024-04-02 Breakfast casserole seasoned with country gravy Breakfast casserole seasoned with country gravy  51 8 0 668} {2024-04-01 Grandmas swedish thin pancakes Grandmas swedish thin pancakes  31 66 0 472} {2024-03-31 Baked pears Baked pears  62 84 0 550}]
debug 2024/07/13 15:52:22 startTimestamp:  1711189160554
debug 2024/07/13 15:52:22 endTimestamp:  1711793960554
debug 2024/07/13 15:52:22 [{2024-03-27 Asparagus omelette wraps Asparagus omelette wraps  63 31 0 532} {2024-03-26 Cheery cherry muffins Cheery cherry muffins  56 24 0 694} {2024-03-25 Toasted sunny side up egg and cheese sandwiches Toasted sunny side up egg and cheese sandwiches  99 32 0 958} {2024-03-24 Chicken and egg on rice oyako donburi Chicken and egg on rice oyako donburi  66 66 0 722} {2024-03-30 Eggs in a basket Eggs in a basket  19 81 0 794} {2024-03-29 Ginger lemon muffins Ginger lemon muffins  14 23 0 804} {2024-03-28 Chef flowers simple sunday brunch omelette Chef flowers simple sunday brunch omelette  15 92 0 450}]
debug 2024/07/13 15:52:23 startTimestamp:  1710584360554
debug 2024/07/13 15:52:23 endTimestamp:  1711189160554
debug 2024/07/13 15:52:23 [{2024-03-18 Creamy scrambled eggs in the microwave Creamy scrambled eggs in the microwave  28 78 0 786} {2024-03-17 Mamas fruit cobbler Mamas fruit cobbler  37 75 0 698} {2024-03-23 Mamas fruit cobbler Mamas fruit cobbler  37 75 0 698} {2024-03-22 Chef flowers simple sunday brunch omelette Chef flowers simple sunday brunch omelette  15 92 0 450} {2024-03-21 Ham omelet deluxe Ham omelet deluxe  71 89 0 488} {2024-03-20 Toasted sunny side up egg and cheese sandwiches Toasted sunny side up egg and cheese sandwiches  99 32 0 958} {2024-03-19 Blueberry banana happy face pancakes Blueberry banana happy face pancakes  51 33 0 980}]
debug 2024/07/13 15:52:23 startTimestamp:  1709979560554
debug 2024/07/13 15:52:23 endTimestamp:  1710584360554
debug 2024/07/13 15:52:23 [{2024-03-16 Christmas caramel rolls easy Christmas caramel rolls easy  50 71 0 690} {2024-03-15 Country scrambled eggs Country scrambled eggs  49 21 0 596} {2024-03-14 Blueberry banana happy face pancakes Blueberry banana happy face pancakes  61 21 0 452} {2024-03-13 English muffins with bacon butter English muffins with bacon butter  20 84 0 510} {2024-03-12 Tomato and mushroom omelette Tomato and mushroom omelette  36 96 0 436} {2024-03-11 Grilled cheese on raisin bread Grilled cheese on raisin bread  85 15 0 984} {2024-03-10 Creamy scrambled eggs in the microwave Creamy scrambled eggs in the microwave  28 78 0 786}]
debug 2024/07/13 15:52:23 startTimestamp:  1709374760554
debug 2024/07/13 15:52:23 endTimestamp:  1709979560554
debug 2024/07/13 15:52:23 [{2024-03-02  Sausage gravy for biscuits and gravy  7 88 0 202} {2024-03-09 Grandmas swedish thin pancakes Grandmas swedish thin pancakes  23 76 0 680} {2024-03-08 Chicken and egg on rice oyako donburi Chicken and egg on rice oyako donburi  66 66 0 722} {2024-03-07 Blueberry banana happy face pancakes Blueberry banana happy face pancakes  61 21 0 452} {2024-03-06 Creamy scrambled eggs in the microwave Creamy scrambled eggs in the microwave  57 94 0 956} {2024-03-05 Blackberry breakfast bars Blackberry breakfast bars  79 38 0 438} {2024-03-04 Breakfast casserole seasoned with country gravy Breakfast casserole seasoned with country gravy  52 2 0 904} {2024-03-03 Nats cucumber cream cheese bagel Nats cucumber cream cheese bagel  36 14 0 626}]
debug 2024/07/13 15:52:23 startTimestamp:  1708769960554
debug 2024/07/13 15:52:23 endTimestamp:  1709374760554
debug 2024/07/13 15:52:23 [{2024-02-25 English muffins with bacon butter English muffins with bacon butter  20 84 0 510} {2024-02-24  Banana blueberry oatmeal bread  58 55 0 206} {2024-03-02 Sausage gravy for biscuits and gravy   7 88 0 202} {2024-03-01 Green mountain granola Green mountain granola  7 99 0 442} {2024-02-29 Sausage gravy for biscuits and gravy Sausage gravy for biscuits and gravy  7 88 0 404} {2024-02-28 Country scrambled eggs Country scrambled eggs  49 21 0 596} {2024-02-27 Migas lite for 2 Migas lite for 2  64 41 0 834} {2024-02-26 Cinnamon maple granola Cinnamon maple granola  51 75 0 534}]
debug 2024/07/13 15:52:24 startTimestamp:  1708165160554
debug 2024/07/13 15:52:24 endTimestamp:  1708769960554
debug 2024/07/13 15:52:24 [{2024-02-24 Banana blueberry oatmeal bread   58 55 0 206} {2024-02-23 Everyday french breakfast baguette and jam with chocolate milk Everyday french breakfast baguette and jam with chocolate milk  48 35 0 486} {2024-02-22 Breakfast casserole seasoned with country gravy Breakfast casserole seasoned with country gravy  52 2 0 904} {2024-02-21 Pikelets australian pancakes Pikelets australian pancakes  9 77 0 928} {2024-02-20 Fresh mango bread Fresh mango bread  8 57 0 900} {2024-02-19 Breakfast casserole seasoned with country gravy Breakfast casserole seasoned with country gravy  51 8 0 668} {2024-02-18 Creamy scrambled eggs in the microwave Creamy scrambled eggs in the microwave  57 94 0 956} {2024-02-17  Blackberry breakfast bars  54 5 0 323}]
debug 2024/07/13 15:52:24 startTimestamp:  1707560360554
debug 2024/07/13 15:52:24 endTimestamp:  1708165160554
debug 2024/07/13 15:52:24 [{2024-02-17 Blackberry breakfast bars   54 5 0 323} {2024-02-16 Egg flowers Egg flowers  78 95 0 822} {2024-02-15 Oatmeal cookie granola Oatmeal cookie granola  98 71 0 546} {2024-02-14 Breakfast casserole seasoned with country gravy Breakfast casserole seasoned with country gravy  43 95 0 932} {2024-02-13 Sleepy twisted sisters g n g breakfast ramekin Sleepy twisted sisters g n g breakfast ramekin  96 98 0 440} {2024-02-12 Migas lite for 2 Migas lite for 2  64 41 0 834} {2024-02-11 Blueberry banana happy face pancakes Blueberry banana happy face pancakes  33 55 0 744} {2024-02-10  Migas lite for 2  64 41 0 417}]
debug 2024/07/13 15:52:24 startTimestamp:  1706955560554
debug 2024/07/13 15:52:24 endTimestamp:  1707560360554
debug 2024/07/13 15:52:24 [{2024-02-10 Migas lite for 2   64 41 0 417} {2024-02-09 Castillian hot chocolate Castillian hot chocolate  2 74 0 776} {2024-02-08 Sleepy twisted sisters g n g breakfast ramekin Sleepy twisted sisters g n g breakfast ramekin  90 14 0 406} {2024-02-07 Eggs in a basket Eggs in a basket  77 3 0 448} {2024-02-06 Sleepy twisted sisters g n g breakfast ramekin Sleepy twisted sisters g n g breakfast ramekin  90 14 0 406} {2024-02-05 Shirleys plain or blueberry muffins Shirleys plain or blueberry muffins  44 67 0 482} {2024-02-04 Nats cucumber cream cheese bagel Nats cucumber cream cheese bagel  36 14 0 626}]
debug 2024/07/13 15:52:24 startTimestamp:  1706350760554
debug 2024/07/13 15:52:24 endTimestamp:  1706955560554
debug 2024/07/13 15:52:24 [{2024-01-28 English muffins with bacon butter English muffins with bacon butter  20 84 0 510} {2024-02-03 Pikelets australian pancakes Pikelets australian pancakes  34 89 0 924} {2024-02-02 Creamy scrambled eggs in the microwave Creamy scrambled eggs in the microwave  57 94 0 956} {2024-02-01 Toasted sunny side up egg and cheese sandwiches Toasted sunny side up egg and cheese sandwiches  99 32 0 958} {2024-01-31 Vanilla fruit dip Vanilla fruit dip  10 14 0 742} {2024-01-30 Mamas fruit cobbler Mamas fruit cobbler  29 55 0 764} {2024-01-29 Creamy scrambled eggs in the microwave Creamy scrambled eggs in the microwave  57 94 0 956}]
debug 2024/07/13 15:52:24 startTimestamp:  1705745960554
debug 2024/07/13 15:52:24 endTimestamp:  1706350760554
debug 2024/07/13 15:52:24 [{2024-01-23 Asparagus omelette wraps Asparagus omelette wraps  63 31 0 532} {2024-01-22 Fresh mango bread Fresh mango bread  8 57 0 900} {2024-01-21 Eggs in a basket Eggs in a basket  77 3 0 448} {2024-01-20  Egg flowers  78 95 0 411} {2024-01-27 Grandmas swedish thin pancakes Grandmas swedish thin pancakes  23 76 0 680} {2024-01-26 Breakfast casserole seasoned with country gravy Breakfast casserole seasoned with country gravy  52 2 0 904} {2024-01-25 Country scrambled eggs Country scrambled eggs  49 21 0 596} {2024-01-24 Country scrambled eggs Country scrambled eggs  49 21 0 596}]
debug 2024/07/13 15:52:25 startTimestamp:  1705141160554
debug 2024/07/13 15:52:25 endTimestamp:  1705745960554
debug 2024/07/13 15:52:25 [{2024-01-17 Chili jack oven omelet Chili jack oven omelet  39 54 0 826} {2024-01-16 Blackberry breakfast bars Blackberry breakfast bars  54 5 0 646} {2024-01-15 Country scrambled eggs Country scrambled eggs  49 21 0 596} {2024-01-14 Melt in your mouth blueberry muffins Melt in your mouth blueberry muffins  33 44 0 828} {2024-01-20 Egg flowers   78 95 0 411} {2024-01-19 Creamy scrambled eggs in the microwave Creamy scrambled eggs in the microwave  2 1 0 496} {2024-01-18 Breakfast casserole seasoned with country gravy Breakfast casserole seasoned with country gravy  51 8 0 668}]
debug 2024/07/13 15:52:25 startTimestamp:  1704536360554
debug 2024/07/13 15:52:25 endTimestamp:  1705141160554
debug 2024/07/13 15:52:25 [{2024-01-13 Breakfast casserole seasoned with country gravy Breakfast casserole seasoned with country gravy  52 2 0 904} {2024-01-12 Breakfast casserole seasoned with country gravy Breakfast casserole seasoned with country gravy  52 2 0 904} {2024-01-11 English muffins with bacon butter English muffins with bacon butter  20 84 0 510} {2024-01-10 Grandmas swedish thin pancakes Grandmas swedish thin pancakes  70 39 0 918} {2024-01-09 Chili jack oven omelet Chili jack oven omelet  32 57 0 752} {2024-01-08 Ham omelet deluxe Ham omelet deluxe  71 89 0 488} {2024-01-07 Fresh mango bread Fresh mango bread  13 90 0 768} {2024-01-06  Pumpkin french toast with toasted walnuts  38 88 0 485}]
debug 2024/07/13 15:52:25 startTimestamp:  1703931560554
debug 2024/07/13 15:52:25 endTimestamp:  1704536360554
debug 2024/07/13 15:52:25 [{2024-01-06 Pumpkin french toast with toasted walnuts   38 88 0 485} {2024-01-05 Blueberry banana happy face pancakes Blueberry banana happy face pancakes  33 55 0 744} {2024-01-04 Pikelets australian pancakes Pikelets australian pancakes  52 68 0 480} {2024-01-03 Melt in your mouth blueberry muffins Melt in your mouth blueberry muffins  33 44 0 828}]
debug 2024/07/13 15:52:25 startTimestamp:  1703326760554
debug 2024/07/13 15:52:25 endTimestamp:  1703931560554
debug 2024/07/13 15:52:25 []
debug 2024/07/13 15:52:25 startTimestamp:  1702721960554
debug 2024/07/13 15:52:25 endTimestamp:  1703326760554
debug 2024/07/13 15:52:25 []
debug 2024/07/13 15:52:25 startTimestamp:  1702117160554
debug 2024/07/13 15:52:25 endTimestamp:  1702721960554
debug 2024/07/13 15:52:25 []
debug 2024/07/13 15:52:25 startTimestamp:  1701512360554
debug 2024/07/13 15:52:25 endTimestamp:  1702117160554
debug 2024/07/13 15:52:25 []
debug 2024/07/13 15:52:25 startTimestamp:  1700907560554
debug 2024/07/13 15:52:25 endTimestamp:  1701512360554
debug 2024/07/13 15:52:25 []
debug 2024/07/13 15:52:25 startTimestamp:  1700302760554
debug 2024/07/13 15:52:25 endTimestamp:  1700907560554
debug 2024/07/13 15:52:25 []
debug 2024/07/13 15:52:25 startTimestamp:  1699697960554
debug 2024/07/13 15:52:25 endTimestamp:  1700302760554
debug 2024/07/13 15:52:25 []
debug 2024/07/13 15:52:25 startTimestamp:  1699093160554
debug 2024/07/13 15:52:25 endTimestamp:  1699697960554
debug 2024/07/13 15:52:25 []
debug 2024/07/13 15:52:25 startTimestamp:  1698488360554
debug 2024/07/13 15:52:25 endTimestamp:  1699093160554
debug 2024/07/13 15:52:25 []
debug 2024/07/13 15:52:25 startTimestamp:  1697883560554
debug 2024/07/13 15:52:25 endTimestamp:  1698488360554
debug 2024/07/13 15:52:25 []
debug 2024/07/13 15:52:25 startTimestamp:  1697278760554
debug 2024/07/13 15:52:25 endTimestamp:  1697883560554
debug 2024/07/13 15:52:25 []
debug 2024/07/13 15:52:25 startTimestamp:  1696673960554
debug 2024/07/13 15:52:25 endTimestamp:  1697278760554
debug 2024/07/13 15:52:25 []
debug 2024/07/13 15:52:25 startTimestamp:  1696069160554
debug 2024/07/13 15:52:25 endTimestamp:  1696673960554
debug 2024/07/13 15:52:25 []
debug 2024/07/13 15:52:25 startTimestamp:  1695464360554
debug 2024/07/13 15:52:25 endTimestamp:  1696069160554
debug 2024/07/13 15:52:25 []
debug 2024/07/13 15:52:25 startTimestamp:  1694859560554
debug 2024/07/13 15:52:25 endTimestamp:  1695464360554
debug 2024/07/13 15:52:25 []
debug 2024/07/13 15:52:25 startTimestamp:  1694254760554
debug 2024/07/13 15:52:25 endTimestamp:  1694859560554
debug 2024/07/13 15:52:25 []
debug 2024/07/13 15:52:25 startTimestamp:  1693649960554
debug 2024/07/13 15:52:25 endTimestamp:  1694254760554
debug 2024/07/13 15:52:25 []
debug 2024/07/13 15:52:26 startTimestamp:  1693045160554
debug 2024/07/13 15:52:26 endTimestamp:  1693649960554
debug 2024/07/13 15:52:26 []
debug 2024/07/13 15:52:26 startTimestamp:  1692440360554
debug 2024/07/13 15:52:26 endTimestamp:  1693045160554
debug 2024/07/13 15:52:26 []
debug 2024/07/13 15:52:26 startTimestamp:  1691835560554
debug 2024/07/13 15:52:26 endTimestamp:  1692440360554
debug 2024/07/13 15:52:26 []
debug 2024/07/13 15:52:27 startTimestamp:  1691230760554
debug 2024/07/13 15:52:27 endTimestamp:  1691835560554
debug 2024/07/13 15:52:27 []
debug 2024/07/13 15:52:28 startTimestamp:  1690625960554
debug 2024/07/13 15:52:28 endTimestamp:  1691230760554
debug 2024/07/13 15:52:28 []
debug 2024/07/13 15:52:40 startTimestamp:  1691230760554
debug 2024/07/13 15:52:40 endTimestamp:  1691835560554
debug 2024/07/13 15:52:40 []
debug 2024/07/13 15:52:41 startTimestamp:  1691835560554
debug 2024/07/13 15:52:41 endTimestamp:  1692440360554
debug 2024/07/13 15:52:41 []
debug 2024/07/13 15:52:41 startTimestamp:  1692440360554
debug 2024/07/13 15:52:41 endTimestamp:  1693045160554
debug 2024/07/13 15:52:41 []
debug 2024/07/13 15:52:41 startTimestamp:  1693045160554
debug 2024/07/13 15:52:41 endTimestamp:  1693649960554
debug 2024/07/13 15:52:41 []
debug 2024/07/13 15:52:41 startTimestamp:  1693649960554
debug 2024/07/13 15:52:41 endTimestamp:  1694254760554
debug 2024/07/13 15:52:41 []
debug 2024/07/13 15:52:41 startTimestamp:  1694254760554
debug 2024/07/13 15:52:41 endTimestamp:  1694859560554
debug 2024/07/13 15:52:41 []
debug 2024/07/13 15:52:41 startTimestamp:  1694859560554
debug 2024/07/13 15:52:41 endTimestamp:  1695464360554
debug 2024/07/13 15:52:41 []
debug 2024/07/13 15:52:42 startTimestamp:  1695464360554
debug 2024/07/13 15:52:42 endTimestamp:  1696069160554
debug 2024/07/13 15:52:42 []
debug 2024/07/13 15:52:42 startTimestamp:  1696069160554
debug 2024/07/13 15:52:42 endTimestamp:  1696673960554
debug 2024/07/13 15:52:42 []
debug 2024/07/13 15:52:42 startTimestamp:  1696673960554
debug 2024/07/13 15:52:42 endTimestamp:  1697278760554
debug 2024/07/13 15:52:42 []
debug 2024/07/13 15:52:42 startTimestamp:  1697278760554
debug 2024/07/13 15:52:42 endTimestamp:  1697883560554
debug 2024/07/13 15:52:42 []
debug 2024/07/13 15:52:42 startTimestamp:  1697883560554
debug 2024/07/13 15:52:42 endTimestamp:  1698488360554
debug 2024/07/13 15:52:42 []
debug 2024/07/13 15:52:42 startTimestamp:  1698488360554
debug 2024/07/13 15:52:42 endTimestamp:  1699093160554
debug 2024/07/13 15:52:42 []
debug 2024/07/13 15:52:43 startTimestamp:  1699093160554
debug 2024/07/13 15:52:43 endTimestamp:  1699697960554
debug 2024/07/13 15:52:43 []
debug 2024/07/13 15:52:43 startTimestamp:  1699697960554
debug 2024/07/13 15:52:43 endTimestamp:  1700302760554
debug 2024/07/13 15:52:43 []
debug 2024/07/13 15:52:43 startTimestamp:  1700302760554
debug 2024/07/13 15:52:43 endTimestamp:  1700907560554
debug 2024/07/13 15:52:43 []
debug 2024/07/13 15:52:43 startTimestamp:  1700907560554
debug 2024/07/13 15:52:43 endTimestamp:  1701512360554
debug 2024/07/13 15:52:43 []
debug 2024/07/13 15:52:43 startTimestamp:  1701512360554
debug 2024/07/13 15:52:43 endTimestamp:  1702117160554
debug 2024/07/13 15:52:43 []
debug 2024/07/13 15:52:43 startTimestamp:  1702117160554
debug 2024/07/13 15:52:43 endTimestamp:  1702721960554
debug 2024/07/13 15:52:43 []
debug 2024/07/13 15:52:43 startTimestamp:  1702721960554
debug 2024/07/13 15:52:43 endTimestamp:  1703326760554
debug 2024/07/13 15:52:43 []
debug 2024/07/13 15:52:43 startTimestamp:  1703326760554
debug 2024/07/13 15:52:43 endTimestamp:  1703931560554
debug 2024/07/13 15:52:43 []
debug 2024/07/13 15:52:43 startTimestamp:  1703931560554
debug 2024/07/13 15:52:43 endTimestamp:  1704536360554
debug 2024/07/13 15:52:43 [{2024-01-06 Pumpkin french toast with toasted walnuts   38 88 0 485} {2024-01-05 Blueberry banana happy face pancakes Blueberry banana happy face pancakes  33 55 0 744} {2024-01-04 Pikelets australian pancakes Pikelets australian pancakes  52 68 0 480} {2024-01-03 Melt in your mouth blueberry muffins Melt in your mouth blueberry muffins  33 44 0 828}]
debug 2024/07/13 15:52:43 startTimestamp:  1704536360554
debug 2024/07/13 15:52:43 endTimestamp:  1705141160554
debug 2024/07/13 15:52:43 [{2024-01-12 Breakfast casserole seasoned with country gravy Breakfast casserole seasoned with country gravy  52 2 0 904} {2024-01-11 English muffins with bacon butter English muffins with bacon butter  20 84 0 510} {2024-01-10 Grandmas swedish thin pancakes Grandmas swedish thin pancakes  70 39 0 918} {2024-01-09 Chili jack oven omelet Chili jack oven omelet  32 57 0 752} {2024-01-08 Ham omelet deluxe Ham omelet deluxe  71 89 0 488} {2024-01-07 Fresh mango bread Fresh mango bread  13 90 0 768} {2024-01-06  Pumpkin french toast with toasted walnuts  38 88 0 485} {2024-01-13 Breakfast casserole seasoned with country gravy Breakfast casserole seasoned with country gravy  52 2 0 904}]
debug 2024/07/13 15:52:43 startTimestamp:  1705141160554
debug 2024/07/13 15:52:43 endTimestamp:  1705745960554
debug 2024/07/13 15:52:43 [{2024-01-15 Country scrambled eggs Country scrambled eggs  49 21 0 596} {2024-01-14 Melt in your mouth blueberry muffins Melt in your mouth blueberry muffins  33 44 0 828} {2024-01-20 Egg flowers   78 95 0 411} {2024-01-19 Creamy scrambled eggs in the microwave Creamy scrambled eggs in the microwave  2 1 0 496} {2024-01-18 Breakfast casserole seasoned with country gravy Breakfast casserole seasoned with country gravy  51 8 0 668} {2024-01-17 Chili jack oven omelet Chili jack oven omelet  39 54 0 826} {2024-01-16 Blackberry breakfast bars Blackberry breakfast bars  54 5 0 646}]
debug 2024/07/13 15:52:43 startTimestamp:  1705745960554
debug 2024/07/13 15:52:43 endTimestamp:  1706350760554
debug 2024/07/13 15:52:43 [{2024-01-23 Asparagus omelette wraps Asparagus omelette wraps  63 31 0 532} {2024-01-22 Fresh mango bread Fresh mango bread  8 57 0 900} {2024-01-21 Eggs in a basket Eggs in a basket  77 3 0 448} {2024-01-20  Egg flowers  78 95 0 411} {2024-01-27 Grandmas swedish thin pancakes Grandmas swedish thin pancakes  23 76 0 680} {2024-01-26 Breakfast casserole seasoned with country gravy Breakfast casserole seasoned with country gravy  52 2 0 904} {2024-01-25 Country scrambled eggs Country scrambled eggs  49 21 0 596} {2024-01-24 Country scrambled eggs Country scrambled eggs  49 21 0 596}]
debug 2024/07/13 15:52:43 startTimestamp:  1706350760554
debug 2024/07/13 15:52:43 endTimestamp:  1706955560554
debug 2024/07/13 15:52:43 [{2024-02-03 Pikelets australian pancakes Pikelets australian pancakes  34 89 0 924} {2024-02-02 Creamy scrambled eggs in the microwave Creamy scrambled eggs in the microwave  57 94 0 956} {2024-02-01 Toasted sunny side up egg and cheese sandwiches Toasted sunny side up egg and cheese sandwiches  99 32 0 958} {2024-01-31 Vanilla fruit dip Vanilla fruit dip  10 14 0 742} {2024-01-30 Mamas fruit cobbler Mamas fruit cobbler  29 55 0 764} {2024-01-29 Creamy scrambled eggs in the microwave Creamy scrambled eggs in the microwave  57 94 0 956} {2024-01-28 English muffins with bacon butter English muffins with bacon butter  20 84 0 510}]
debug 2024/07/13 15:52:43 startTimestamp:  1706955560554
debug 2024/07/13 15:52:43 endTimestamp:  1707560360554
debug 2024/07/13 15:52:43 [{2024-02-09 Castillian hot chocolate Castillian hot chocolate  2 74 0 776} {2024-02-08 Sleepy twisted sisters g n g breakfast ramekin Sleepy twisted sisters g n g breakfast ramekin  90 14 0 406} {2024-02-07 Eggs in a basket Eggs in a basket  77 3 0 448} {2024-02-06 Sleepy twisted sisters g n g breakfast ramekin Sleepy twisted sisters g n g breakfast ramekin  90 14 0 406} {2024-02-05 Shirleys plain or blueberry muffins Shirleys plain or blueberry muffins  44 67 0 482} {2024-02-04 Nats cucumber cream cheese bagel Nats cucumber cream cheese bagel  36 14 0 626} {2024-02-10 Migas lite for 2   64 41 0 417}]
debug 2024/07/13 15:52:43 startTimestamp:  1707560360554
debug 2024/07/13 15:52:43 endTimestamp:  1708165160554
debug 2024/07/13 15:52:43 [{2024-02-14 Breakfast casserole seasoned with country gravy Breakfast casserole seasoned with country gravy  43 95 0 932} {2024-02-13 Sleepy twisted sisters g n g breakfast ramekin Sleepy twisted sisters g n g breakfast ramekin  96 98 0 440} {2024-02-12 Migas lite for 2 Migas lite for 2  64 41 0 834} {2024-02-11 Blueberry banana happy face pancakes Blueberry banana happy face pancakes  33 55 0 744} {2024-02-10  Migas lite for 2  64 41 0 417} {2024-02-17 Blackberry breakfast bars   54 5 0 323} {2024-02-16 Egg flowers Egg flowers  78 95 0 822} {2024-02-15 Oatmeal cookie granola Oatmeal cookie granola  98 71 0 546}]
debug 2024/07/13 15:52:43 startTimestamp:  1708165160554
debug 2024/07/13 15:52:43 endTimestamp:  1708769960554
debug 2024/07/13 15:52:43 [{2024-02-24 Banana blueberry oatmeal bread   58 55 0 206} {2024-02-23 Everyday french breakfast baguette and jam with chocolate milk Everyday french breakfast baguette and jam with chocolate milk  48 35 0 486} {2024-02-22 Breakfast casserole seasoned with country gravy Breakfast casserole seasoned with country gravy  52 2 0 904} {2024-02-21 Pikelets australian pancakes Pikelets australian pancakes  9 77 0 928} {2024-02-20 Fresh mango bread Fresh mango bread  8 57 0 900} {2024-02-19 Breakfast casserole seasoned with country gravy Breakfast casserole seasoned with country gravy  51 8 0 668} {2024-02-18 Creamy scrambled eggs in the microwave Creamy scrambled eggs in the microwave  57 94 0 956} {2024-02-17  Blackberry breakfast bars  54 5 0 323}]
debug 2024/07/13 15:53:48 2024-06-30 00:00:00 +0000 UTC
debug 2024/07/13 15:53:48 2024-06-29 00:00:00 +0000 UTC
debug 2024/07/13 15:53:48 2024-06-28 00:00:00 +0000 UTC
debug 2024/07/13 15:53:48 2024-06-27 00:00:00 +0000 UTC
debug 2024/07/13 15:53:48 2024-07-06 00:00:00 +0000 UTC
debug 2024/07/13 15:53:56 startTimestamp:  1719656628517
debug 2024/07/13 15:53:56 endTimestamp:  1720261428517
debug 2024/07/13 15:53:56 [{2024-06-30 Moms cheat doughnuts Moms cheat doughnuts  98 42 0 556}]
debug 2024/07/13 15:53:56 2024-06-30 00:00:00 +0000 UTC
debug 2024/07/13 15:54:07 startTimestamp:  1719051828517
debug 2024/07/13 15:54:07 endTimestamp:  1719656628517
debug 2024/07/13 15:54:07 [{2024-06-27 Chef flowers simple sunday brunch omelette Chef flowers simple sunday brunch omelette  97 69 0 468} {2024-06-26 Migas lite for 2 Migas lite for 2  64 41 0 834} {2024-06-25 Cheery cherry muffins Cheery cherry muffins  56 24 0 694} {2024-06-24    0 0 0 0} {2024-06-23 Nats cucumber cream cheese bagel Nats cucumber cream cheese bagel  6 45 0 598} {2024-06-29 Baked swiss cheese omelet Baked swiss cheese omelet  75 1 0 762} {2024-06-28 Ginger lemon muffins Ginger lemon muffins  91 65 0 888}]
debug 2024/07/13 15:54:07 2024-06-27 00:00:00 +0000 UTC
debug 2024/07/13 15:54:07 2024-06-26 00:00:00 +0000 UTC
debug 2024/07/13 15:54:07 2024-06-25 00:00:00 +0000 UTC
debug 2024/07/13 15:54:07 2024-06-24 00:00:00 +0000 UTC
debug 2024/07/13 15:54:07 2024-06-23 00:00:00 +0000 UTC
debug 2024/07/13 15:54:07 2024-06-29 00:00:00 +0000 UTC
debug 2024/07/13 15:54:07 2024-06-28 00:00:00 +0000 UTC
debug 2024/07/13 15:54:45 startTimestamp:  1719656628517
debug 2024/07/13 15:54:45 endTimestamp:  1720261428517
debug 2024/07/13 15:54:45 [{2024-06-30 Moms cheat doughnuts Moms cheat doughnuts  98 42 0 556}]
debug 2024/07/13 15:54:45 2024-06-30 00:00:00 +0000 UTC
debug 2024/07/13 15:54:50 startTimestamp:  1720261428517
debug 2024/07/13 15:54:50 endTimestamp:  1720866228517
debug 2024/07/13 15:54:50 [{2024-07-06 bla bla Grandmas swedish thin pancakes Blueberry banana happy face pancakes 23 76 0 1766}]
debug 2024/07/13 15:54:50 2024-07-06 00:00:00 +0000 UTC
debug 2024/07/13 15:54:56 startTimestamp:  1720866228517
debug 2024/07/13 15:54:56 endTimestamp:  1721471028517
debug 2024/07/13 15:54:56 []
debug 2024/07/13 15:54:57 startTimestamp:  1721471028517
debug 2024/07/13 15:54:57 endTimestamp:  1722075828517
debug 2024/07/13 15:54:57 []
debug 2024/07/13 15:55:58 date is:  2024-06-30 00:00:00 +0000 UTC
debug 2024/07/13 15:55:58 date is:  2024-06-29 00:00:00 +0000 UTC
debug 2024/07/13 15:55:58 date is:  2024-06-28 00:00:00 +0000 UTC
debug 2024/07/13 15:55:58 date is:  2024-06-27 00:00:00 +0000 UTC
debug 2024/07/13 15:55:58 date is:  2024-07-06 00:00:00 +0000 UTC
debug 2024/07/13 15:57:00 date is:  2024-06-30 00:00:00 +0000 UTC
debug 2024/07/13 15:57:12 date is:  2024-06-25 00:00:00 +0000 UTC
debug 2024/07/13 15:57:12 date is:  2024-06-24 00:00:00 +0000 UTC
debug 2024/07/13 15:57:12 date is:  2024-06-23 00:00:00 +0000 UTC
debug 2024/07/13 15:57:12 date is:  2024-06-29 00:00:00 +0000 UTC
debug 2024/07/13 15:57:12 date is:  2024-06-28 00:00:00 +0000 UTC
debug 2024/07/13 15:57:12 date is:  2024-06-27 00:00:00 +0000 UTC
debug 2024/07/13 15:57:12 date is:  2024-06-26 00:00:00 +0000 UTC
debug 2024/07/13 15:57:29 date is:  2024-06-16 00:00:00 +0000 UTC
debug 2024/07/13 15:57:29 date is:  2024-06-15 00:00:00 +0000 UTC
debug 2024/07/13 15:57:29 date is:  2024-06-22 00:00:00 +0000 UTC
debug 2024/07/13 15:57:29 date is:  2024-06-21 00:00:00 +0000 UTC
debug 2024/07/13 15:57:29 date is:  2024-06-20 00:00:00 +0000 UTC
debug 2024/07/13 15:57:29 date is:  2024-06-19 00:00:00 +0000 UTC
debug 2024/07/13 15:57:29 date is:  2024-06-18 00:00:00 +0000 UTC
debug 2024/07/13 15:57:29 date is:  2024-06-17 00:00:00 +0000 UTC
debug 2024/07/13 15:57:38 date is:  2024-06-15 00:00:00 +0000 UTC
debug 2024/07/13 15:57:38 date is:  2024-06-14 00:00:00 +0000 UTC
debug 2024/07/13 15:57:38 date is:  2024-06-13 00:00:00 +0000 UTC
debug 2024/07/13 15:57:38 date is:  2024-06-12 00:00:00 +0000 UTC
debug 2024/07/13 15:57:38 date is:  2024-06-11 00:00:00 +0000 UTC
debug 2024/07/13 15:57:38 date is:  2024-06-10 00:00:00 +0000 UTC
debug 2024/07/13 15:57:38 date is:  2024-06-09 00:00:00 +0000 UTC
debug 2024/07/13 15:57:38 date is:  2024-06-08 00:00:00 +0000 UTC
debug 2024/07/13 15:58:04 date is:  2024-06-03 00:00:00 +0000 UTC
debug 2024/07/13 15:58:04 date is:  2024-06-02 00:00:00 +0000 UTC
debug 2024/07/13 15:58:04 date is:  2024-06-08 00:00:00 +0000 UTC
debug 2024/07/13 15:58:04 date is:  2024-06-07 00:00:00 +0000 UTC
debug 2024/07/13 15:58:04 date is:  2024-06-06 00:00:00 +0000 UTC
debug 2024/07/13 15:58:04 date is:  2024-06-05 00:00:00 +0000 UTC
debug 2024/07/13 15:58:04 date is:  2024-06-04 00:00:00 +0000 UTC
debug 2024/07/13 16:12:02 date is:  2024-06-30 00:00:00 +0000 UTC
debug 2024/07/13 16:12:02 date is:  2024-06-29 00:00:00 +0000 UTC
debug 2024/07/13 16:12:02 date is:  2024-06-28 00:00:00 +0000 UTC
debug 2024/07/13 16:12:02 date is:  2024-06-27 00:00:00 +0000 UTC
debug 2024/07/13 16:12:02 date is:  2024-07-06 00:00:00 +0000 UTC
debug 2024/07/13 16:12:04 date is:  2024-06-30 00:00:00 +0000 UTC
debug 2024/07/13 16:12:06 date is:  2024-06-25 00:00:00 +0000 UTC
debug 2024/07/13 16:12:06 date is:  2024-06-24 00:00:00 +0000 UTC
debug 2024/07/13 16:12:06 date is:  2024-06-23 00:00:00 +0000 UTC
debug 2024/07/13 16:12:06 date is:  2024-06-29 00:00:00 +0000 UTC
debug 2024/07/13 16:12:06 date is:  2024-06-28 00:00:00 +0000 UTC
debug 2024/07/13 16:12:06 date is:  2024-06-27 00:00:00 +0000 UTC
debug 2024/07/13 16:12:06 date is:  2024-06-26 00:00:00 +0000 UTC
debug 2024/07/13 16:12:12 date is:  2024-06-18 00:00:00 +0000 UTC
debug 2024/07/13 16:12:12 date is:  2024-06-17 00:00:00 +0000 UTC
debug 2024/07/13 16:12:12 date is:  2024-06-16 00:00:00 +0000 UTC
debug 2024/07/13 16:12:12 date is:  2024-06-15 00:00:00 +0000 UTC
debug 2024/07/13 16:12:12 date is:  2024-06-22 00:00:00 +0000 UTC
debug 2024/07/13 16:12:12 date is:  2024-06-21 00:00:00 +0000 UTC
debug 2024/07/13 16:12:12 date is:  2024-06-20 00:00:00 +0000 UTC
debug 2024/07/13 16:12:12 date is:  2024-06-19 00:00:00 +0000 UTC
debug 2024/07/13 16:13:30 date is:  2024-06-27 00:00:00 +0000 UTC
debug 2024/07/13 16:13:30 date is:  2024-07-06 00:00:00 +0000 UTC
debug 2024/07/13 16:13:30 date is:  2024-06-30 00:00:00 +0000 UTC
debug 2024/07/13 16:13:30 date is:  2024-06-29 00:00:00 +0000 UTC
debug 2024/07/13 16:13:30 date is:  2024-06-28 00:00:00 +0000 UTC
debug 2024/07/13 16:13:31 date is:  2024-06-30 00:00:00 +0000 UTC
debug 2024/07/13 16:13:33 date is:  2024-06-26 00:00:00 +0000 UTC
debug 2024/07/13 16:13:33 date is:  2024-06-25 00:00:00 +0000 UTC
debug 2024/07/13 16:13:33 date is:  2024-06-24 00:00:00 +0000 UTC
debug 2024/07/13 16:13:33 date is:  2024-06-23 00:00:00 +0000 UTC
debug 2024/07/13 16:13:33 date is:  2024-06-29 00:00:00 +0000 UTC
debug 2024/07/13 16:13:33 date is:  2024-06-28 00:00:00 +0000 UTC
debug 2024/07/13 16:13:33 date is:  2024-06-27 00:00:00 +0000 UTC
debug 2024/07/13 16:13:41 date is:  2024-06-20 00:00:00 +0000 UTC
debug 2024/07/13 16:13:41 date is:  2024-06-19 00:00:00 +0000 UTC
debug 2024/07/13 16:13:41 date is:  2024-06-18 00:00:00 +0000 UTC
debug 2024/07/13 16:13:41 date is:  2024-06-17 00:00:00 +0000 UTC
debug 2024/07/13 16:13:41 date is:  2024-06-16 00:00:00 +0000 UTC
debug 2024/07/13 16:13:41 date is:  2024-06-15 00:00:00 +0000 UTC
debug 2024/07/13 16:13:41 date is:  2024-06-22 00:00:00 +0000 UTC
debug 2024/07/13 16:13:41 date is:  2024-06-21 00:00:00 +0000 UTC
debug 2024/07/13 16:13:50 date is:  2024-06-13 00:00:00 +0000 UTC
debug 2024/07/13 16:13:50 date is:  2024-06-12 00:00:00 +0000 UTC
debug 2024/07/13 16:13:50 date is:  2024-06-11 00:00:00 +0000 UTC
debug 2024/07/13 16:13:50 date is:  2024-06-10 00:00:00 +0000 UTC
debug 2024/07/13 16:13:50 date is:  2024-06-09 00:00:00 +0000 UTC
debug 2024/07/13 16:13:50 date is:  2024-06-15 00:00:00 +0000 UTC
debug 2024/07/13 16:13:50 date is:  2024-06-14 00:00:00 +0000 UTC
debug 2024/07/13 16:13:53 date is:  2024-06-08 00:00:00 +0000 UTC
debug 2024/07/13 16:13:53 date is:  2024-06-07 00:00:00 +0000 UTC
debug 2024/07/13 16:13:53 date is:  2024-06-06 00:00:00 +0000 UTC
debug 2024/07/13 16:13:53 date is:  2024-06-05 00:00:00 +0000 UTC
debug 2024/07/13 16:13:53 date is:  2024-06-04 00:00:00 +0000 UTC
debug 2024/07/13 16:13:53 date is:  2024-06-03 00:00:00 +0000 UTC
debug 2024/07/13 16:13:53 date is:  2024-06-02 00:00:00 +0000 UTC
debug 2024/07/13 16:14:00 date is:  2024-05-31 00:00:00 +0000 UTC
debug 2024/07/13 16:14:00 date is:  2024-05-30 00:00:00 +0000 UTC
debug 2024/07/13 16:14:00 date is:  2024-05-29 00:00:00 +0000 UTC
debug 2024/07/13 16:14:00 date is:  2024-05-28 00:00:00 +0000 UTC
debug 2024/07/13 16:14:00 date is:  2024-05-27 00:00:00 +0000 UTC
debug 2024/07/13 16:14:00 date is:  2024-05-26 00:00:00 +0000 UTC
debug 2024/07/13 16:14:00 date is:  2024-06-01 00:00:00 +0000 UTC
debug 2024/07/13 16:14:01 date is:  2024-05-22 00:00:00 +0000 UTC
debug 2024/07/13 16:14:01 date is:  2024-05-21 00:00:00 +0000 UTC
debug 2024/07/13 16:14:01 date is:  2024-05-20 00:00:00 +0000 UTC
debug 2024/07/13 16:14:01 date is:  2024-05-19 00:00:00 +0000 UTC
debug 2024/07/13 16:14:01 date is:  2024-05-25 00:00:00 +0000 UTC
debug 2024/07/13 16:14:01 date is:  2024-05-24 00:00:00 +0000 UTC
debug 2024/07/13 16:14:01 date is:  2024-05-23 00:00:00 +0000 UTC
debug 2024/07/13 16:14:03 date is:  2024-05-14 00:00:00 +0000 UTC
debug 2024/07/13 16:14:03 date is:  2024-05-13 00:00:00 +0000 UTC
debug 2024/07/13 16:14:03 date is:  2024-05-12 00:00:00 +0000 UTC
debug 2024/07/13 16:14:03 date is:  2024-05-18 00:00:00 +0000 UTC
debug 2024/07/13 16:14:03 date is:  2024-05-17 00:00:00 +0000 UTC
debug 2024/07/13 16:14:03 date is:  2024-05-16 00:00:00 +0000 UTC
debug 2024/07/13 16:14:03 date is:  2024-05-15 00:00:00 +0000 UTC
debug 2024/07/13 16:14:03 date is:  2024-05-09 00:00:00 +0000 UTC
debug 2024/07/13 16:14:03 date is:  2024-05-08 00:00:00 +0000 UTC
debug 2024/07/13 16:14:03 date is:  2024-05-07 00:00:00 +0000 UTC
debug 2024/07/13 16:14:03 date is:  2024-05-06 00:00:00 +0000 UTC
debug 2024/07/13 16:14:03 date is:  2024-05-05 00:00:00 +0000 UTC
debug 2024/07/13 16:14:03 date is:  2024-05-04 00:00:00 +0000 UTC
debug 2024/07/13 16:14:03 date is:  2024-05-11 00:00:00 +0000 UTC
debug 2024/07/13 16:14:03 date is:  2024-05-10 00:00:00 +0000 UTC
debug 2024/07/13 16:14:04 date is:  2024-05-01 00:00:00 +0000 UTC
debug 2024/07/13 16:14:04 date is:  2024-04-30 00:00:00 +0000 UTC
debug 2024/07/13 16:14:04 date is:  2024-04-29 00:00:00 +0000 UTC
debug 2024/07/13 16:14:04 date is:  2024-04-28 00:00:00 +0000 UTC
debug 2024/07/13 16:14:04 date is:  2024-04-27 00:00:00 +0000 UTC
debug 2024/07/13 16:14:04 date is:  2024-05-04 00:00:00 +0000 UTC
debug 2024/07/13 16:14:04 date is:  2024-05-03 00:00:00 +0000 UTC
debug 2024/07/13 16:14:04 date is:  2024-05-02 00:00:00 +0000 UTC
debug 2024/07/13 16:14:05 date is:  2024-04-25 00:00:00 +0000 UTC
debug 2024/07/13 16:14:05 date is:  2024-04-24 00:00:00 +0000 UTC
debug 2024/07/13 16:14:05 date is:  2024-04-23 00:00:00 +0000 UTC
debug 2024/07/13 16:14:05 date is:  2024-04-22 00:00:00 +0000 UTC
debug 2024/07/13 16:14:05 date is:  2024-04-21 00:00:00 +0000 UTC
debug 2024/07/13 16:14:05 date is:  2024-04-27 00:00:00 +0000 UTC
debug 2024/07/13 16:14:05 date is:  2024-04-26 00:00:00 +0000 UTC
debug 2024/07/13 16:14:06 date is:  2024-04-18 00:00:00 +0000 UTC
debug 2024/07/13 16:14:06 date is:  2024-04-17 00:00:00 +0000 UTC
debug 2024/07/13 16:14:06 date is:  2024-04-16 00:00:00 +0000 UTC
debug 2024/07/13 16:14:06 date is:  2024-04-15 00:00:00 +0000 UTC
debug 2024/07/13 16:14:06 date is:  2024-04-14 00:00:00 +0000 UTC
debug 2024/07/13 16:14:06 date is:  2024-04-13 00:00:00 +0000 UTC
debug 2024/07/13 16:14:06 date is:  2024-04-20 00:00:00 +0000 UTC
debug 2024/07/13 16:14:06 date is:  2024-04-19 00:00:00 +0000 UTC
debug 2024/07/13 16:14:06 date is:  2024-04-11 00:00:00 +0000 UTC
debug 2024/07/13 16:14:06 date is:  2024-04-10 00:00:00 +0000 UTC
debug 2024/07/13 16:14:06 date is:  2024-04-09 00:00:00 +0000 UTC
debug 2024/07/13 16:14:06 date is:  2024-04-08 00:00:00 +0000 UTC
debug 2024/07/13 16:14:06 date is:  2024-04-07 00:00:00 +0000 UTC
debug 2024/07/13 16:14:06 date is:  2024-04-13 00:00:00 +0000 UTC
debug 2024/07/13 16:14:06 date is:  2024-04-12 00:00:00 +0000 UTC
debug 2024/07/13 16:14:07 date is:  2024-04-02 00:00:00 +0000 UTC
debug 2024/07/13 16:14:07 date is:  2024-04-01 00:00:00 +0000 UTC
debug 2024/07/13 16:14:07 date is:  2024-03-31 00:00:00 +0000 UTC
debug 2024/07/13 16:14:07 date is:  2024-04-06 00:00:00 +0000 UTC
debug 2024/07/13 16:14:07 date is:  2024-04-05 00:00:00 +0000 UTC
debug 2024/07/13 16:14:07 date is:  2024-04-04 00:00:00 +0000 UTC
debug 2024/07/13 16:14:07 date is:  2024-04-03 00:00:00 +0000 UTC
debug 2024/07/13 16:14:08 date is:  2024-03-25 00:00:00 +0000 UTC
debug 2024/07/13 16:14:08 date is:  2024-03-24 00:00:00 +0000 UTC
debug 2024/07/13 16:14:08 date is:  2024-03-30 00:00:00 +0000 UTC
debug 2024/07/13 16:14:08 date is:  2024-03-29 00:00:00 +0000 UTC
debug 2024/07/13 16:14:08 date is:  2024-03-28 00:00:00 +0000 UTC
debug 2024/07/13 16:14:08 date is:  2024-03-27 00:00:00 +0000 UTC
debug 2024/07/13 16:14:08 date is:  2024-03-26 00:00:00 +0000 UTC
debug 2024/07/13 16:14:08 date is:  2024-03-20 00:00:00 +0000 UTC
debug 2024/07/13 16:14:08 date is:  2024-03-19 00:00:00 +0000 UTC
debug 2024/07/13 16:14:08 date is:  2024-03-18 00:00:00 +0000 UTC
debug 2024/07/13 16:14:08 date is:  2024-03-17 00:00:00 +0000 UTC
debug 2024/07/13 16:14:08 date is:  2024-03-23 00:00:00 +0000 UTC
debug 2024/07/13 16:14:08 date is:  2024-03-22 00:00:00 +0000 UTC
debug 2024/07/13 16:14:08 date is:  2024-03-21 00:00:00 +0000 UTC
debug 2024/07/13 16:14:09 date is:  2024-03-10 00:00:00 +0000 UTC
debug 2024/07/13 16:14:09 date is:  2024-03-16 00:00:00 +0000 UTC
debug 2024/07/13 16:14:09 date is:  2024-03-15 00:00:00 +0000 UTC
debug 2024/07/13 16:14:09 date is:  2024-03-14 00:00:00 +0000 UTC
debug 2024/07/13 16:14:09 date is:  2024-03-13 00:00:00 +0000 UTC
debug 2024/07/13 16:14:09 date is:  2024-03-12 00:00:00 +0000 UTC
debug 2024/07/13 16:14:09 date is:  2024-03-11 00:00:00 +0000 UTC
debug 2024/07/13 16:14:09 date is:  2024-03-07 00:00:00 +0000 UTC
debug 2024/07/13 16:14:09 date is:  2024-03-06 00:00:00 +0000 UTC
debug 2024/07/13 16:14:09 date is:  2024-03-05 00:00:00 +0000 UTC
debug 2024/07/13 16:14:09 date is:  2024-03-04 00:00:00 +0000 UTC
debug 2024/07/13 16:14:09 date is:  2024-03-03 00:00:00 +0000 UTC
debug 2024/07/13 16:14:09 date is:  2024-03-02 00:00:00 +0000 UTC
debug 2024/07/13 16:14:09 date is:  2024-03-09 00:00:00 +0000 UTC
debug 2024/07/13 16:14:09 date is:  2024-03-08 00:00:00 +0000 UTC
debug 2024/07/13 16:14:10 date is:  2024-02-24 00:00:00 +0000 UTC
debug 2024/07/13 16:14:10 date is:  2024-03-02 00:00:00 +0000 UTC
debug 2024/07/13 16:14:10 date is:  2024-03-01 00:00:00 +0000 UTC
debug 2024/07/13 16:14:10 date is:  2024-02-29 00:00:00 +0000 UTC
debug 2024/07/13 16:14:10 date is:  2024-02-28 00:00:00 +0000 UTC
debug 2024/07/13 16:14:10 date is:  2024-02-27 00:00:00 +0000 UTC
debug 2024/07/13 16:14:10 date is:  2024-02-26 00:00:00 +0000 UTC
debug 2024/07/13 16:14:10 date is:  2024-02-25 00:00:00 +0000 UTC
debug 2024/07/13 16:14:10 date is:  2024-02-22 00:00:00 +0000 UTC
debug 2024/07/13 16:14:10 date is:  2024-02-21 00:00:00 +0000 UTC
debug 2024/07/13 16:14:10 date is:  2024-02-20 00:00:00 +0000 UTC
debug 2024/07/13 16:14:10 date is:  2024-02-19 00:00:00 +0000 UTC
debug 2024/07/13 16:14:10 date is:  2024-02-18 00:00:00 +0000 UTC
debug 2024/07/13 16:14:10 date is:  2024-02-17 00:00:00 +0000 UTC
debug 2024/07/13 16:14:10 date is:  2024-02-24 00:00:00 +0000 UTC
debug 2024/07/13 16:14:10 date is:  2024-02-23 00:00:00 +0000 UTC
debug 2024/07/13 16:14:11 date is:  2024-02-13 00:00:00 +0000 UTC
debug 2024/07/13 16:14:11 date is:  2024-02-12 00:00:00 +0000 UTC
debug 2024/07/13 16:14:11 date is:  2024-02-11 00:00:00 +0000 UTC
debug 2024/07/13 16:14:11 date is:  2024-02-10 00:00:00 +0000 UTC
debug 2024/07/13 16:14:11 date is:  2024-02-17 00:00:00 +0000 UTC
debug 2024/07/13 16:14:11 date is:  2024-02-16 00:00:00 +0000 UTC
debug 2024/07/13 16:14:11 date is:  2024-02-15 00:00:00 +0000 UTC
debug 2024/07/13 16:14:11 date is:  2024-02-14 00:00:00 +0000 UTC
debug 2024/07/13 16:14:11 date is:  2024-02-08 00:00:00 +0000 UTC
debug 2024/07/13 16:14:11 date is:  2024-02-07 00:00:00 +0000 UTC
debug 2024/07/13 16:14:11 date is:  2024-02-06 00:00:00 +0000 UTC
debug 2024/07/13 16:14:11 date is:  2024-02-05 00:00:00 +0000 UTC
debug 2024/07/13 16:14:11 date is:  2024-02-04 00:00:00 +0000 UTC
debug 2024/07/13 16:14:11 date is:  2024-02-10 00:00:00 +0000 UTC
debug 2024/07/13 16:14:11 date is:  2024-02-09 00:00:00 +0000 UTC
debug 2024/07/13 16:14:12 date is:  2024-01-31 00:00:00 +0000 UTC
debug 2024/07/13 16:14:12 date is:  2024-01-30 00:00:00 +0000 UTC
debug 2024/07/13 16:14:12 date is:  2024-01-29 00:00:00 +0000 UTC
debug 2024/07/13 16:14:12 date is:  2024-01-28 00:00:00 +0000 UTC
debug 2024/07/13 16:14:12 date is:  2024-02-03 00:00:00 +0000 UTC
debug 2024/07/13 16:14:12 date is:  2024-02-02 00:00:00 +0000 UTC
debug 2024/07/13 16:14:12 date is:  2024-02-01 00:00:00 +0000 UTC
debug 2024/07/13 16:14:12 date is:  2024-01-27 00:00:00 +0000 UTC
debug 2024/07/13 16:14:12 date is:  2024-01-26 00:00:00 +0000 UTC
debug 2024/07/13 16:14:12 date is:  2024-01-25 00:00:00 +0000 UTC
debug 2024/07/13 16:14:12 date is:  2024-01-24 00:00:00 +0000 UTC
debug 2024/07/13 16:14:12 date is:  2024-01-23 00:00:00 +0000 UTC
debug 2024/07/13 16:14:12 date is:  2024-01-22 00:00:00 +0000 UTC
debug 2024/07/13 16:14:12 date is:  2024-01-21 00:00:00 +0000 UTC
debug 2024/07/13 16:14:12 date is:  2024-01-20 00:00:00 +0000 UTC
debug 2024/07/13 16:14:12 date is:  2024-01-18 00:00:00 +0000 UTC
debug 2024/07/13 16:14:12 date is:  2024-01-17 00:00:00 +0000 UTC
debug 2024/07/13 16:14:12 date is:  2024-01-16 00:00:00 +0000 UTC
debug 2024/07/13 16:14:12 date is:  2024-01-15 00:00:00 +0000 UTC
debug 2024/07/13 16:14:12 date is:  2024-01-14 00:00:00 +0000 UTC
debug 2024/07/13 16:14:12 date is:  2024-01-20 00:00:00 +0000 UTC
debug 2024/07/13 16:14:12 date is:  2024-01-19 00:00:00 +0000 UTC
debug 2024/07/13 16:14:13 date is:  2024-01-10 00:00:00 +0000 UTC
debug 2024/07/13 16:14:13 date is:  2024-01-09 00:00:00 +0000 UTC
debug 2024/07/13 16:14:13 date is:  2024-01-08 00:00:00 +0000 UTC
debug 2024/07/13 16:14:13 date is:  2024-01-07 00:00:00 +0000 UTC
debug 2024/07/13 16:14:13 date is:  2024-01-06 00:00:00 +0000 UTC
debug 2024/07/13 16:14:13 date is:  2024-01-13 00:00:00 +0000 UTC
debug 2024/07/13 16:14:13 date is:  2024-01-12 00:00:00 +0000 UTC
debug 2024/07/13 16:14:13 date is:  2024-01-11 00:00:00 +0000 UTC
debug 2024/07/13 16:14:13 date is:  2024-01-06 00:00:00 +0000 UTC
debug 2024/07/13 16:14:13 date is:  2024-01-05 00:00:00 +0000 UTC
debug 2024/07/13 16:14:13 date is:  2024-01-04 00:00:00 +0000 UTC
debug 2024/07/13 16:14:13 date is:  2024-01-03 00:00:00 +0000 UTC
debug 2024/07/13 16:14:25 date is:  2024-01-06 00:00:00 +0000 UTC
debug 2024/07/13 16:14:25 date is:  2024-01-05 00:00:00 +0000 UTC
debug 2024/07/13 16:14:25 date is:  2024-01-04 00:00:00 +0000 UTC
debug 2024/07/13 16:14:25 date is:  2024-01-03 00:00:00 +0000 UTC
debug 2024/07/13 16:14:25 date is:  2024-01-06 00:00:00 +0000 UTC
debug 2024/07/13 16:14:25 date is:  2024-01-13 00:00:00 +0000 UTC
debug 2024/07/13 16:14:25 date is:  2024-01-12 00:00:00 +0000 UTC
debug 2024/07/13 16:14:25 date is:  2024-01-11 00:00:00 +0000 UTC
debug 2024/07/13 16:14:25 date is:  2024-01-10 00:00:00 +0000 UTC
debug 2024/07/13 16:14:25 date is:  2024-01-09 00:00:00 +0000 UTC
debug 2024/07/13 16:14:25 date is:  2024-01-08 00:00:00 +0000 UTC
debug 2024/07/13 16:14:25 date is:  2024-01-07 00:00:00 +0000 UTC
debug 2024/07/13 16:14:25 date is:  2024-01-17 00:00:00 +0000 UTC
debug 2024/07/13 16:14:25 date is:  2024-01-16 00:00:00 +0000 UTC
debug 2024/07/13 16:14:25 date is:  2024-01-15 00:00:00 +0000 UTC
debug 2024/07/13 16:14:25 date is:  2024-01-14 00:00:00 +0000 UTC
debug 2024/07/13 16:14:25 date is:  2024-01-20 00:00:00 +0000 UTC
debug 2024/07/13 16:14:25 date is:  2024-01-19 00:00:00 +0000 UTC
debug 2024/07/13 16:14:25 date is:  2024-01-18 00:00:00 +0000 UTC
debug 2024/07/13 16:14:25 date is:  2024-01-22 00:00:00 +0000 UTC
debug 2024/07/13 16:14:25 date is:  2024-01-21 00:00:00 +0000 UTC
debug 2024/07/13 16:14:25 date is:  2024-01-20 00:00:00 +0000 UTC
debug 2024/07/13 16:14:25 date is:  2024-01-27 00:00:00 +0000 UTC
debug 2024/07/13 16:14:25 date is:  2024-01-26 00:00:00 +0000 UTC
debug 2024/07/13 16:14:25 date is:  2024-01-25 00:00:00 +0000 UTC
debug 2024/07/13 16:14:25 date is:  2024-01-24 00:00:00 +0000 UTC
debug 2024/07/13 16:14:25 date is:  2024-01-23 00:00:00 +0000 UTC
debug 2024/07/13 16:14:25 date is:  2024-01-31 00:00:00 +0000 UTC
debug 2024/07/13 16:14:25 date is:  2024-01-30 00:00:00 +0000 UTC
debug 2024/07/13 16:14:25 date is:  2024-01-29 00:00:00 +0000 UTC
debug 2024/07/13 16:14:25 date is:  2024-01-28 00:00:00 +0000 UTC
debug 2024/07/13 16:14:25 date is:  2024-02-03 00:00:00 +0000 UTC
debug 2024/07/13 16:14:25 date is:  2024-02-02 00:00:00 +0000 UTC
debug 2024/07/13 16:14:25 date is:  2024-02-01 00:00:00 +0000 UTC
debug 2024/07/13 16:14:25 date is:  2024-02-10 00:00:00 +0000 UTC
debug 2024/07/13 16:14:25 date is:  2024-02-09 00:00:00 +0000 UTC
debug 2024/07/13 16:14:25 date is:  2024-02-08 00:00:00 +0000 UTC
debug 2024/07/13 16:14:25 date is:  2024-02-07 00:00:00 +0000 UTC
debug 2024/07/13 16:14:25 date is:  2024-02-06 00:00:00 +0000 UTC
debug 2024/07/13 16:14:25 date is:  2024-02-05 00:00:00 +0000 UTC
debug 2024/07/13 16:14:25 date is:  2024-02-04 00:00:00 +0000 UTC
debug 2024/07/13 16:14:25 date is:  2024-02-11 00:00:00 +0000 UTC
debug 2024/07/13 16:14:25 date is:  2024-02-10 00:00:00 +0000 UTC
debug 2024/07/13 16:14:25 date is:  2024-02-17 00:00:00 +0000 UTC
debug 2024/07/13 16:14:25 date is:  2024-02-16 00:00:00 +0000 UTC
debug 2024/07/13 16:14:25 date is:  2024-02-15 00:00:00 +0000 UTC
debug 2024/07/13 16:14:25 date is:  2024-02-14 00:00:00 +0000 UTC
debug 2024/07/13 16:14:25 date is:  2024-02-13 00:00:00 +0000 UTC
debug 2024/07/13 16:14:25 date is:  2024-02-12 00:00:00 +0000 UTC
debug 2024/07/13 16:14:26 date is:  2024-02-21 00:00:00 +0000 UTC
debug 2024/07/13 16:14:26 date is:  2024-02-20 00:00:00 +0000 UTC
debug 2024/07/13 16:14:26 date is:  2024-02-19 00:00:00 +0000 UTC
debug 2024/07/13 16:14:26 date is:  2024-02-18 00:00:00 +0000 UTC
debug 2024/07/13 16:14:26 date is:  2024-02-17 00:00:00 +0000 UTC
debug 2024/07/13 16:14:26 date is:  2024-02-24 00:00:00 +0000 UTC
debug 2024/07/13 16:14:26 date is:  2024-02-23 00:00:00 +0000 UTC
debug 2024/07/13 16:14:26 date is:  2024-02-22 00:00:00 +0000 UTC
debug 2024/07/13 16:14:26 date is:  2024-03-02 00:00:00 +0000 UTC
debug 2024/07/13 16:14:26 date is:  2024-03-01 00:00:00 +0000 UTC
debug 2024/07/13 16:14:26 date is:  2024-02-29 00:00:00 +0000 UTC
debug 2024/07/13 16:14:26 date is:  2024-02-28 00:00:00 +0000 UTC
debug 2024/07/13 16:14:26 date is:  2024-02-27 00:00:00 +0000 UTC
debug 2024/07/13 16:14:26 date is:  2024-02-26 00:00:00 +0000 UTC
debug 2024/07/13 16:14:26 date is:  2024-02-25 00:00:00 +0000 UTC
debug 2024/07/13 16:14:26 date is:  2024-02-24 00:00:00 +0000 UTC
debug 2024/07/13 16:14:26 date is:  2024-02-19 00:00:00 +0000 UTC
debug 2024/07/13 16:14:26 date is:  2024-02-18 00:00:00 +0000 UTC
debug 2024/07/13 16:14:26 date is:  2024-02-17 00:00:00 +0000 UTC
debug 2024/07/13 16:14:26 date is:  2024-02-24 00:00:00 +0000 UTC
debug 2024/07/13 16:14:26 date is:  2024-02-23 00:00:00 +0000 UTC
debug 2024/07/13 16:14:26 date is:  2024-02-22 00:00:00 +0000 UTC
debug 2024/07/13 16:14:26 date is:  2024-02-21 00:00:00 +0000 UTC
debug 2024/07/13 16:14:26 date is:  2024-02-20 00:00:00 +0000 UTC
debug 2024/07/13 16:14:27 date is:  2024-02-12 00:00:00 +0000 UTC
debug 2024/07/13 16:14:27 date is:  2024-02-11 00:00:00 +0000 UTC
debug 2024/07/13 16:14:27 date is:  2024-02-10 00:00:00 +0000 UTC
debug 2024/07/13 16:14:27 date is:  2024-02-17 00:00:00 +0000 UTC
debug 2024/07/13 16:14:27 date is:  2024-02-16 00:00:00 +0000 UTC
debug 2024/07/13 16:14:27 date is:  2024-02-15 00:00:00 +0000 UTC
debug 2024/07/13 16:14:27 date is:  2024-02-14 00:00:00 +0000 UTC
debug 2024/07/13 16:14:27 date is:  2024-02-13 00:00:00 +0000 UTC
debug 2024/07/13 16:14:27 date is:  2024-02-09 00:00:00 +0000 UTC
debug 2024/07/13 16:14:27 date is:  2024-02-08 00:00:00 +0000 UTC
debug 2024/07/13 16:14:27 date is:  2024-02-07 00:00:00 +0000 UTC
debug 2024/07/13 16:14:27 date is:  2024-02-06 00:00:00 +0000 UTC
debug 2024/07/13 16:14:27 date is:  2024-02-05 00:00:00 +0000 UTC
debug 2024/07/13 16:14:27 date is:  2024-02-04 00:00:00 +0000 UTC
debug 2024/07/13 16:14:27 date is:  2024-02-10 00:00:00 +0000 UTC
debug 2024/07/13 16:14:27 date is:  2024-02-02 00:00:00 +0000 UTC
debug 2024/07/13 16:14:27 date is:  2024-02-01 00:00:00 +0000 UTC
debug 2024/07/13 16:14:27 date is:  2024-01-31 00:00:00 +0000 UTC
debug 2024/07/13 16:14:27 date is:  2024-01-30 00:00:00 +0000 UTC
debug 2024/07/13 16:14:27 date is:  2024-01-29 00:00:00 +0000 UTC
debug 2024/07/13 16:14:27 date is:  2024-01-28 00:00:00 +0000 UTC
debug 2024/07/13 16:14:27 date is:  2024-02-03 00:00:00 +0000 UTC
debug 2024/07/13 16:14:28 date is:  2024-01-26 00:00:00 +0000 UTC
debug 2024/07/13 16:14:28 date is:  2024-01-25 00:00:00 +0000 UTC
debug 2024/07/13 16:14:28 date is:  2024-01-24 00:00:00 +0000 UTC
debug 2024/07/13 16:14:28 date is:  2024-01-23 00:00:00 +0000 UTC
debug 2024/07/13 16:14:28 date is:  2024-01-22 00:00:00 +0000 UTC
debug 2024/07/13 16:14:28 date is:  2024-01-21 00:00:00 +0000 UTC
debug 2024/07/13 16:14:28 date is:  2024-01-20 00:00:00 +0000 UTC
debug 2024/07/13 16:14:28 date is:  2024-01-27 00:00:00 +0000 UTC
debug 2024/07/13 16:14:28 date is:  2024-02-03 00:00:00 +0000 UTC
debug 2024/07/13 16:14:28 date is:  2024-02-02 00:00:00 +0000 UTC
debug 2024/07/13 16:14:28 date is:  2024-02-01 00:00:00 +0000 UTC
debug 2024/07/13 16:14:28 date is:  2024-01-31 00:00:00 +0000 UTC
debug 2024/07/13 16:14:28 date is:  2024-01-30 00:00:00 +0000 UTC
debug 2024/07/13 16:14:28 date is:  2024-01-29 00:00:00 +0000 UTC
debug 2024/07/13 16:14:28 date is:  2024-01-28 00:00:00 +0000 UTC
debug 2024/07/13 16:14:28 date is:  2024-02-06 00:00:00 +0000 UTC
debug 2024/07/13 16:14:28 date is:  2024-02-05 00:00:00 +0000 UTC
debug 2024/07/13 16:14:28 date is:  2024-02-04 00:00:00 +0000 UTC
debug 2024/07/13 16:14:28 date is:  2024-02-10 00:00:00 +0000 UTC
debug 2024/07/13 16:14:28 date is:  2024-02-09 00:00:00 +0000 UTC
debug 2024/07/13 16:14:28 date is:  2024-02-08 00:00:00 +0000 UTC
debug 2024/07/13 16:14:28 date is:  2024-02-07 00:00:00 +0000 UTC
debug 2024/07/13 16:14:29 date is:  2024-02-16 00:00:00 +0000 UTC
debug 2024/07/13 16:14:29 date is:  2024-02-15 00:00:00 +0000 UTC
debug 2024/07/13 16:14:29 date is:  2024-02-14 00:00:00 +0000 UTC
debug 2024/07/13 16:14:29 date is:  2024-02-13 00:00:00 +0000 UTC
debug 2024/07/13 16:14:29 date is:  2024-02-12 00:00:00 +0000 UTC
debug 2024/07/13 16:14:29 date is:  2024-02-11 00:00:00 +0000 UTC
debug 2024/07/13 16:14:29 date is:  2024-02-10 00:00:00 +0000 UTC
debug 2024/07/13 16:14:29 date is:  2024-02-17 00:00:00 +0000 UTC
debug 2024/07/13 16:14:29 date is:  2024-02-21 00:00:00 +0000 UTC
debug 2024/07/13 16:14:29 date is:  2024-02-20 00:00:00 +0000 UTC
debug 2024/07/13 16:14:29 date is:  2024-02-19 00:00:00 +0000 UTC
debug 2024/07/13 16:14:29 date is:  2024-02-18 00:00:00 +0000 UTC
debug 2024/07/13 16:14:29 date is:  2024-02-17 00:00:00 +0000 UTC
debug 2024/07/13 16:14:29 date is:  2024-02-24 00:00:00 +0000 UTC
debug 2024/07/13 16:14:29 date is:  2024-02-23 00:00:00 +0000 UTC
debug 2024/07/13 16:14:29 date is:  2024-02-22 00:00:00 +0000 UTC
debug 2024/07/13 16:14:29 date is:  2024-02-28 00:00:00 +0000 UTC
debug 2024/07/13 16:14:29 date is:  2024-02-27 00:00:00 +0000 UTC
debug 2024/07/13 16:14:29 date is:  2024-02-26 00:00:00 +0000 UTC
debug 2024/07/13 16:14:29 date is:  2024-02-25 00:00:00 +0000 UTC
debug 2024/07/13 16:14:29 date is:  2024-02-24 00:00:00 +0000 UTC
debug 2024/07/13 16:14:29 date is:  2024-03-02 00:00:00 +0000 UTC
debug 2024/07/13 16:14:29 date is:  2024-03-01 00:00:00 +0000 UTC
debug 2024/07/13 16:14:29 date is:  2024-02-29 00:00:00 +0000 UTC
debug 2024/07/13 16:14:29 date is:  2024-03-03 00:00:00 +0000 UTC
debug 2024/07/13 16:14:29 date is:  2024-03-02 00:00:00 +0000 UTC
debug 2024/07/13 16:14:29 date is:  2024-03-09 00:00:00 +0000 UTC
debug 2024/07/13 16:14:29 date is:  2024-03-08 00:00:00 +0000 UTC
debug 2024/07/13 16:14:29 date is:  2024-03-07 00:00:00 +0000 UTC
debug 2024/07/13 16:14:29 date is:  2024-03-06 00:00:00 +0000 UTC
debug 2024/07/13 16:14:29 date is:  2024-03-05 00:00:00 +0000 UTC
debug 2024/07/13 16:14:29 date is:  2024-03-04 00:00:00 +0000 UTC
debug 2024/07/13 16:14:30 date is:  2024-03-13 00:00:00 +0000 UTC
debug 2024/07/13 16:14:30 date is:  2024-03-12 00:00:00 +0000 UTC
debug 2024/07/13 16:14:30 date is:  2024-03-11 00:00:00 +0000 UTC
debug 2024/07/13 16:14:30 date is:  2024-03-10 00:00:00 +0000 UTC
debug 2024/07/13 16:14:30 date is:  2024-03-16 00:00:00 +0000 UTC
debug 2024/07/13 16:14:30 date is:  2024-03-15 00:00:00 +0000 UTC
debug 2024/07/13 16:14:30 date is:  2024-03-14 00:00:00 +0000 UTC
debug 2024/07/13 16:14:30 date is:  2024-03-23 00:00:00 +0000 UTC
debug 2024/07/13 16:14:30 date is:  2024-03-22 00:00:00 +0000 UTC
debug 2024/07/13 16:14:30 date is:  2024-03-21 00:00:00 +0000 UTC
debug 2024/07/13 16:14:30 date is:  2024-03-20 00:00:00 +0000 UTC
debug 2024/07/13 16:14:30 date is:  2024-03-19 00:00:00 +0000 UTC
debug 2024/07/13 16:14:30 date is:  2024-03-18 00:00:00 +0000 UTC
debug 2024/07/13 16:14:30 date is:  2024-03-17 00:00:00 +0000 UTC
debug 2024/07/13 16:14:30 date is:  2024-03-27 00:00:00 +0000 UTC
debug 2024/07/13 16:14:30 date is:  2024-03-26 00:00:00 +0000 UTC
debug 2024/07/13 16:14:30 date is:  2024-03-25 00:00:00 +0000 UTC
debug 2024/07/13 16:14:30 date is:  2024-03-24 00:00:00 +0000 UTC
debug 2024/07/13 16:14:30 date is:  2024-03-30 00:00:00 +0000 UTC
debug 2024/07/13 16:14:30 date is:  2024-03-29 00:00:00 +0000 UTC
debug 2024/07/13 16:14:30 date is:  2024-03-28 00:00:00 +0000 UTC
debug 2024/07/13 16:14:30 date is:  2024-04-03 00:00:00 +0000 UTC
debug 2024/07/13 16:14:30 date is:  2024-04-02 00:00:00 +0000 UTC
debug 2024/07/13 16:14:30 date is:  2024-04-01 00:00:00 +0000 UTC
debug 2024/07/13 16:14:30 date is:  2024-03-31 00:00:00 +0000 UTC
debug 2024/07/13 16:14:30 date is:  2024-04-06 00:00:00 +0000 UTC
debug 2024/07/13 16:14:30 date is:  2024-04-05 00:00:00 +0000 UTC
debug 2024/07/13 16:14:30 date is:  2024-04-04 00:00:00 +0000 UTC
debug 2024/07/13 16:14:31 date is:  2024-04-10 00:00:00 +0000 UTC
debug 2024/07/13 16:14:31 date is:  2024-04-09 00:00:00 +0000 UTC
debug 2024/07/13 16:14:31 date is:  2024-04-08 00:00:00 +0000 UTC
debug 2024/07/13 16:14:31 date is:  2024-04-07 00:00:00 +0000 UTC
debug 2024/07/13 16:14:31 date is:  2024-04-13 00:00:00 +0000 UTC
debug 2024/07/13 16:14:31 date is:  2024-04-12 00:00:00 +0000 UTC
debug 2024/07/13 16:14:31 date is:  2024-04-11 00:00:00 +0000 UTC
debug 2024/07/13 16:14:31 date is:  2024-04-14 00:00:00 +0000 UTC
debug 2024/07/13 16:14:31 date is:  2024-04-13 00:00:00 +0000 UTC
debug 2024/07/13 16:14:31 date is:  2024-04-20 00:00:00 +0000 UTC
debug 2024/07/13 16:14:31 date is:  2024-04-19 00:00:00 +0000 UTC
debug 2024/07/13 16:14:31 date is:  2024-04-18 00:00:00 +0000 UTC
debug 2024/07/13 16:14:31 date is:  2024-04-17 00:00:00 +0000 UTC
debug 2024/07/13 16:14:31 date is:  2024-04-16 00:00:00 +0000 UTC
debug 2024/07/13 16:14:31 date is:  2024-04-15 00:00:00 +0000 UTC
debug 2024/07/13 16:14:31 date is:  2024-04-22 00:00:00 +0000 UTC
debug 2024/07/13 16:14:31 date is:  2024-04-21 00:00:00 +0000 UTC
debug 2024/07/13 16:14:31 date is:  2024-04-27 00:00:00 +0000 UTC
debug 2024/07/13 16:14:31 date is:  2024-04-26 00:00:00 +0000 UTC
debug 2024/07/13 16:14:31 date is:  2024-04-25 00:00:00 +0000 UTC
debug 2024/07/13 16:14:31 date is:  2024-04-24 00:00:00 +0000 UTC
debug 2024/07/13 16:14:31 date is:  2024-04-23 00:00:00 +0000 UTC
debug 2024/07/13 16:14:32 date is:  2024-05-03 00:00:00 +0000 UTC
debug 2024/07/13 16:14:32 date is:  2024-05-02 00:00:00 +0000 UTC
debug 2024/07/13 16:14:32 date is:  2024-05-01 00:00:00 +0000 UTC
debug 2024/07/13 16:14:32 date is:  2024-04-30 00:00:00 +0000 UTC
debug 2024/07/13 16:14:32 date is:  2024-04-29 00:00:00 +0000 UTC
debug 2024/07/13 16:14:32 date is:  2024-04-28 00:00:00 +0000 UTC
debug 2024/07/13 16:14:32 date is:  2024-04-27 00:00:00 +0000 UTC
debug 2024/07/13 16:14:32 date is:  2024-05-04 00:00:00 +0000 UTC
debug 2024/07/13 16:14:32 date is:  2024-05-07 00:00:00 +0000 UTC
debug 2024/07/13 16:14:32 date is:  2024-05-06 00:00:00 +0000 UTC
debug 2024/07/13 16:14:32 date is:  2024-05-05 00:00:00 +0000 UTC
debug 2024/07/13 16:14:32 date is:  2024-05-04 00:00:00 +0000 UTC
debug 2024/07/13 16:14:32 date is:  2024-05-11 00:00:00 +0000 UTC
debug 2024/07/13 16:14:32 date is:  2024-05-10 00:00:00 +0000 UTC
debug 2024/07/13 16:14:32 date is:  2024-05-09 00:00:00 +0000 UTC
debug 2024/07/13 16:14:32 date is:  2024-05-08 00:00:00 +0000 UTC
debug 2024/07/13 16:14:32 date is:  2024-05-16 00:00:00 +0000 UTC
debug 2024/07/13 16:14:32 date is:  2024-05-15 00:00:00 +0000 UTC
debug 2024/07/13 16:14:32 date is:  2024-05-14 00:00:00 +0000 UTC
debug 2024/07/13 16:14:32 date is:  2024-05-13 00:00:00 +0000 UTC
debug 2024/07/13 16:14:32 date is:  2024-05-12 00:00:00 +0000 UTC
debug 2024/07/13 16:14:32 date is:  2024-05-18 00:00:00 +0000 UTC
debug 2024/07/13 16:14:32 date is:  2024-05-17 00:00:00 +0000 UTC
debug 2024/07/13 16:14:33 date is:  2024-05-25 00:00:00 +0000 UTC
debug 2024/07/13 16:14:33 date is:  2024-05-24 00:00:00 +0000 UTC
debug 2024/07/13 16:14:33 date is:  2024-05-23 00:00:00 +0000 UTC
debug 2024/07/13 16:14:33 date is:  2024-05-22 00:00:00 +0000 UTC
debug 2024/07/13 16:14:33 date is:  2024-05-21 00:00:00 +0000 UTC
debug 2024/07/13 16:14:33 date is:  2024-05-20 00:00:00 +0000 UTC
debug 2024/07/13 16:14:33 date is:  2024-05-19 00:00:00 +0000 UTC
debug 2024/07/13 16:14:33 date is:  2024-06-01 00:00:00 +0000 UTC
debug 2024/07/13 16:14:33 date is:  2024-05-31 00:00:00 +0000 UTC
debug 2024/07/13 16:14:33 date is:  2024-05-30 00:00:00 +0000 UTC
debug 2024/07/13 16:14:33 date is:  2024-05-29 00:00:00 +0000 UTC
debug 2024/07/13 16:14:33 date is:  2024-05-28 00:00:00 +0000 UTC
debug 2024/07/13 16:14:33 date is:  2024-05-27 00:00:00 +0000 UTC
debug 2024/07/13 16:14:33 date is:  2024-05-26 00:00:00 +0000 UTC
debug 2024/07/13 16:14:33 date is:  2024-06-04 00:00:00 +0000 UTC
debug 2024/07/13 16:14:33 date is:  2024-06-03 00:00:00 +0000 UTC
debug 2024/07/13 16:14:33 date is:  2024-06-02 00:00:00 +0000 UTC
debug 2024/07/13 16:14:33 date is:  2024-06-08 00:00:00 +0000 UTC
debug 2024/07/13 16:14:33 date is:  2024-06-07 00:00:00 +0000 UTC
debug 2024/07/13 16:14:33 date is:  2024-06-06 00:00:00 +0000 UTC
debug 2024/07/13 16:14:33 date is:  2024-06-05 00:00:00 +0000 UTC
debug 2024/07/13 16:14:35 date is:  2024-05-27 00:00:00 +0000 UTC
debug 2024/07/13 16:14:35 date is:  2024-05-26 00:00:00 +0000 UTC
debug 2024/07/13 16:14:35 date is:  2024-06-01 00:00:00 +0000 UTC
debug 2024/07/13 16:14:35 date is:  2024-05-31 00:00:00 +0000 UTC
debug 2024/07/13 16:14:35 date is:  2024-05-30 00:00:00 +0000 UTC
debug 2024/07/13 16:14:35 date is:  2024-05-29 00:00:00 +0000 UTC
debug 2024/07/13 16:14:35 date is:  2024-05-28 00:00:00 +0000 UTC
debug 2024/07/13 16:17:10 date is:  2024-06-30 00:00:00 +0000 UTC
debug 2024/07/13 16:17:10 date is:  2024-06-29 00:00:00 +0000 UTC
debug 2024/07/13 16:17:10 date is:  2024-06-28 00:00:00 +0000 UTC
debug 2024/07/13 16:17:10 date is:  2024-06-27 00:00:00 +0000 UTC
debug 2024/07/13 16:17:10 date is:  2024-07-06 00:00:00 +0000 UTC
debug 2024/07/13 16:17:12 date is:  2024-06-30 00:00:00 +0000 UTC
debug 2024/07/13 16:17:14 date is:  2024-06-24 00:00:00 +0000 UTC
debug 2024/07/13 16:17:14 date is:  2024-06-23 00:00:00 +0000 UTC
debug 2024/07/13 16:17:14 date is:  2024-06-29 00:00:00 +0000 UTC
debug 2024/07/13 16:17:14 date is:  2024-06-28 00:00:00 +0000 UTC
debug 2024/07/13 16:17:14 date is:  2024-06-27 00:00:00 +0000 UTC
debug 2024/07/13 16:17:14 date is:  2024-06-26 00:00:00 +0000 UTC
debug 2024/07/13 16:17:14 date is:  2024-06-25 00:00:00 +0000 UTC
debug 2024/07/13 16:17:16 date is:  2024-06-21 00:00:00 +0000 UTC
debug 2024/07/13 16:17:16 date is:  2024-06-20 00:00:00 +0000 UTC
debug 2024/07/13 16:17:16 date is:  2024-06-19 00:00:00 +0000 UTC
debug 2024/07/13 16:17:16 date is:  2024-06-18 00:00:00 +0000 UTC
debug 2024/07/13 16:17:16 date is:  2024-06-17 00:00:00 +0000 UTC
debug 2024/07/13 16:17:16 date is:  2024-06-16 00:00:00 +0000 UTC
debug 2024/07/13 16:17:16 date is:  2024-06-15 00:00:00 +0000 UTC
debug 2024/07/13 16:17:16 date is:  2024-06-22 00:00:00 +0000 UTC
debug 2024/07/13 16:17:19 date is:  2024-06-15 00:00:00 +0000 UTC
debug 2024/07/13 16:17:19 date is:  2024-06-14 00:00:00 +0000 UTC
debug 2024/07/13 16:17:19 date is:  2024-06-13 00:00:00 +0000 UTC
debug 2024/07/13 16:17:19 date is:  2024-06-12 00:00:00 +0000 UTC
debug 2024/07/13 16:17:19 date is:  2024-06-11 00:00:00 +0000 UTC
debug 2024/07/13 16:17:19 date is:  2024-06-10 00:00:00 +0000 UTC
debug 2024/07/13 16:17:19 date is:  2024-06-09 00:00:00 +0000 UTC
debug 2024/07/13 16:17:20 date is:  2024-06-07 00:00:00 +0000 UTC
debug 2024/07/13 16:17:20 date is:  2024-06-06 00:00:00 +0000 UTC
debug 2024/07/13 16:17:20 date is:  2024-06-05 00:00:00 +0000 UTC
debug 2024/07/13 16:17:20 date is:  2024-06-04 00:00:00 +0000 UTC
debug 2024/07/13 16:17:20 date is:  2024-06-03 00:00:00 +0000 UTC
debug 2024/07/13 16:17:20 date is:  2024-06-02 00:00:00 +0000 UTC
debug 2024/07/13 16:17:20 date is:  2024-06-08 00:00:00 +0000 UTC
debug 2024/07/13 16:17:22 date is:  2024-06-09 00:00:00 +0000 UTC
debug 2024/07/13 16:17:22 date is:  2024-06-15 00:00:00 +0000 UTC
debug 2024/07/13 16:17:22 date is:  2024-06-14 00:00:00 +0000 UTC
debug 2024/07/13 16:17:22 date is:  2024-06-13 00:00:00 +0000 UTC
debug 2024/07/13 16:17:22 date is:  2024-06-12 00:00:00 +0000 UTC
debug 2024/07/13 16:17:22 date is:  2024-06-11 00:00:00 +0000 UTC
debug 2024/07/13 16:17:22 date is:  2024-06-10 00:00:00 +0000 UTC
debug 2024/07/13 16:17:24 date is:  2024-06-22 00:00:00 +0000 UTC
debug 2024/07/13 16:17:24 date is:  2024-06-21 00:00:00 +0000 UTC
debug 2024/07/13 16:17:24 date is:  2024-06-20 00:00:00 +0000 UTC
debug 2024/07/13 16:17:24 date is:  2024-06-19 00:00:00 +0000 UTC
debug 2024/07/13 16:17:24 date is:  2024-06-18 00:00:00 +0000 UTC
debug 2024/07/13 16:17:24 date is:  2024-06-17 00:00:00 +0000 UTC
debug 2024/07/13 16:17:24 date is:  2024-06-16 00:00:00 +0000 UTC
debug 2024/07/13 16:17:24 date is:  2024-06-15 00:00:00 +0000 UTC
debug 2024/07/13 16:17:25 date is:  2024-06-13 00:00:00 +0000 UTC
debug 2024/07/13 16:17:25 date is:  2024-06-12 00:00:00 +0000 UTC
debug 2024/07/13 16:17:25 date is:  2024-06-11 00:00:00 +0000 UTC
debug 2024/07/13 16:17:25 date is:  2024-06-10 00:00:00 +0000 UTC
debug 2024/07/13 16:17:25 date is:  2024-06-09 00:00:00 +0000 UTC
debug 2024/07/13 16:17:25 date is:  2024-06-15 00:00:00 +0000 UTC
debug 2024/07/13 16:17:25 date is:  2024-06-14 00:00:00 +0000 UTC
debug 2024/07/13 16:17:27 date is:  2024-06-19 00:00:00 +0000 UTC
debug 2024/07/13 16:17:27 date is:  2024-06-18 00:00:00 +0000 UTC
debug 2024/07/13 16:17:27 date is:  2024-06-17 00:00:00 +0000 UTC
debug 2024/07/13 16:17:27 date is:  2024-06-16 00:00:00 +0000 UTC
debug 2024/07/13 16:17:27 date is:  2024-06-15 00:00:00 +0000 UTC
debug 2024/07/13 16:17:27 date is:  2024-06-22 00:00:00 +0000 UTC
debug 2024/07/13 16:17:27 date is:  2024-06-21 00:00:00 +0000 UTC
debug 2024/07/13 16:17:27 date is:  2024-06-20 00:00:00 +0000 UTC
debug 2024/07/13 16:17:32 date is:  2024-06-09 00:00:00 +0000 UTC
debug 2024/07/13 16:17:32 date is:  2024-06-15 00:00:00 +0000 UTC
debug 2024/07/13 16:17:32 date is:  2024-06-14 00:00:00 +0000 UTC
debug 2024/07/13 16:17:32 date is:  2024-06-13 00:00:00 +0000 UTC
debug 2024/07/13 16:17:32 date is:  2024-06-12 00:00:00 +0000 UTC
debug 2024/07/13 16:17:32 date is:  2024-06-11 00:00:00 +0000 UTC
debug 2024/07/13 16:17:32 date is:  2024-06-10 00:00:00 +0000 UTC
debug 2024/07/13 16:17:32 date is:  2024-06-20 00:00:00 +0000 UTC
debug 2024/07/13 16:17:32 date is:  2024-06-19 00:00:00 +0000 UTC
debug 2024/07/13 16:17:32 date is:  2024-06-18 00:00:00 +0000 UTC
debug 2024/07/13 16:17:32 date is:  2024-06-17 00:00:00 +0000 UTC
debug 2024/07/13 16:17:32 date is:  2024-06-16 00:00:00 +0000 UTC
debug 2024/07/13 16:17:32 date is:  2024-06-15 00:00:00 +0000 UTC
debug 2024/07/13 16:17:32 date is:  2024-06-22 00:00:00 +0000 UTC
debug 2024/07/13 16:17:32 date is:  2024-06-21 00:00:00 +0000 UTC
debug 2024/07/13 16:17:34 date is:  2024-06-14 00:00:00 +0000 UTC
debug 2024/07/13 16:17:34 date is:  2024-06-13 00:00:00 +0000 UTC
debug 2024/07/13 16:17:34 date is:  2024-06-12 00:00:00 +0000 UTC
debug 2024/07/13 16:17:34 date is:  2024-06-11 00:00:00 +0000 UTC
debug 2024/07/13 16:17:34 date is:  2024-06-10 00:00:00 +0000 UTC
debug 2024/07/13 16:17:34 date is:  2024-06-09 00:00:00 +0000 UTC
debug 2024/07/13 16:17:34 date is:  2024-06-15 00:00:00 +0000 UTC
debug 2024/07/13 16:17:34 date is:  2024-06-19 00:00:00 +0000 UTC
debug 2024/07/13 16:17:34 date is:  2024-06-18 00:00:00 +0000 UTC
debug 2024/07/13 16:17:34 date is:  2024-06-17 00:00:00 +0000 UTC
debug 2024/07/13 16:17:34 date is:  2024-06-16 00:00:00 +0000 UTC
debug 2024/07/13 16:17:34 date is:  2024-06-15 00:00:00 +0000 UTC
debug 2024/07/13 16:17:34 date is:  2024-06-22 00:00:00 +0000 UTC
debug 2024/07/13 16:17:34 date is:  2024-06-21 00:00:00 +0000 UTC
debug 2024/07/13 16:17:34 date is:  2024-06-20 00:00:00 +0000 UTC
debug 2024/07/13 16:17:34 date is:  2024-06-26 00:00:00 +0000 UTC
debug 2024/07/13 16:17:34 date is:  2024-06-25 00:00:00 +0000 UTC
debug 2024/07/13 16:17:34 date is:  2024-06-24 00:00:00 +0000 UTC
debug 2024/07/13 16:17:34 date is:  2024-06-23 00:00:00 +0000 UTC
debug 2024/07/13 16:17:34 date is:  2024-06-29 00:00:00 +0000 UTC
debug 2024/07/13 16:17:34 date is:  2024-06-28 00:00:00 +0000 UTC
debug 2024/07/13 16:17:34 date is:  2024-06-27 00:00:00 +0000 UTC
debug 2024/07/13 16:17:35 date is:  2024-06-16 00:00:00 +0000 UTC
debug 2024/07/13 16:17:35 date is:  2024-06-15 00:00:00 +0000 UTC
debug 2024/07/13 16:17:35 date is:  2024-06-22 00:00:00 +0000 UTC
debug 2024/07/13 16:17:35 date is:  2024-06-21 00:00:00 +0000 UTC
debug 2024/07/13 16:17:35 date is:  2024-06-20 00:00:00 +0000 UTC
debug 2024/07/13 16:17:35 date is:  2024-06-19 00:00:00 +0000 UTC
debug 2024/07/13 16:17:35 date is:  2024-06-18 00:00:00 +0000 UTC
debug 2024/07/13 16:17:35 date is:  2024-06-17 00:00:00 +0000 UTC
debug 2024/07/13 16:17:36 date is:  2024-06-15 00:00:00 +0000 UTC
debug 2024/07/13 16:17:36 date is:  2024-06-14 00:00:00 +0000 UTC
debug 2024/07/13 16:17:36 date is:  2024-06-13 00:00:00 +0000 UTC
debug 2024/07/13 16:17:36 date is:  2024-06-12 00:00:00 +0000 UTC
debug 2024/07/13 16:17:36 date is:  2024-06-11 00:00:00 +0000 UTC
debug 2024/07/13 16:17:36 date is:  2024-06-10 00:00:00 +0000 UTC
debug 2024/07/13 16:17:36 date is:  2024-06-09 00:00:00 +0000 UTC
debug 2024/07/13 16:17:36 date is:  2024-06-08 00:00:00 +0000 UTC
debug 2024/07/13 16:17:36 date is:  2024-06-07 00:00:00 +0000 UTC
debug 2024/07/13 16:17:36 date is:  2024-06-06 00:00:00 +0000 UTC
debug 2024/07/13 16:17:36 date is:  2024-06-05 00:00:00 +0000 UTC
debug 2024/07/13 16:17:36 date is:  2024-06-04 00:00:00 +0000 UTC
debug 2024/07/13 16:17:36 date is:  2024-06-03 00:00:00 +0000 UTC
debug 2024/07/13 16:17:36 date is:  2024-06-02 00:00:00 +0000 UTC
debug 2024/07/13 16:17:36 date is:  2024-06-10 00:00:00 +0000 UTC
debug 2024/07/13 16:17:36 date is:  2024-06-09 00:00:00 +0000 UTC
debug 2024/07/13 16:17:36 date is:  2024-06-15 00:00:00 +0000 UTC
debug 2024/07/13 16:17:36 date is:  2024-06-14 00:00:00 +0000 UTC
debug 2024/07/13 16:17:36 date is:  2024-06-13 00:00:00 +0000 UTC
debug 2024/07/13 16:17:36 date is:  2024-06-12 00:00:00 +0000 UTC
debug 2024/07/13 16:17:36 date is:  2024-06-11 00:00:00 +0000 UTC
debug 2024/07/13 16:17:36 date is:  2024-06-22 00:00:00 +0000 UTC
debug 2024/07/13 16:17:36 date is:  2024-06-21 00:00:00 +0000 UTC
debug 2024/07/13 16:17:36 date is:  2024-06-20 00:00:00 +0000 UTC
debug 2024/07/13 16:17:36 date is:  2024-06-19 00:00:00 +0000 UTC
debug 2024/07/13 16:17:36 date is:  2024-06-18 00:00:00 +0000 UTC
debug 2024/07/13 16:17:36 date is:  2024-06-17 00:00:00 +0000 UTC
debug 2024/07/13 16:17:36 date is:  2024-06-16 00:00:00 +0000 UTC
debug 2024/07/13 16:17:36 date is:  2024-06-15 00:00:00 +0000 UTC
debug 2024/07/13 16:17:36 date is:  2024-06-26 00:00:00 +0000 UTC
debug 2024/07/13 16:17:36 date is:  2024-06-25 00:00:00 +0000 UTC
debug 2024/07/13 16:17:36 date is:  2024-06-24 00:00:00 +0000 UTC
debug 2024/07/13 16:17:36 date is:  2024-06-23 00:00:00 +0000 UTC
debug 2024/07/13 16:17:36 date is:  2024-06-29 00:00:00 +0000 UTC
debug 2024/07/13 16:17:36 date is:  2024-06-28 00:00:00 +0000 UTC
debug 2024/07/13 16:17:36 date is:  2024-06-27 00:00:00 +0000 UTC
debug 2024/07/13 16:17:37 date is:  2024-06-15 00:00:00 +0000 UTC
debug 2024/07/13 16:17:37 date is:  2024-06-22 00:00:00 +0000 UTC
debug 2024/07/13 16:17:37 date is:  2024-06-21 00:00:00 +0000 UTC
debug 2024/07/13 16:17:37 date is:  2024-06-20 00:00:00 +0000 UTC
debug 2024/07/13 16:17:37 date is:  2024-06-19 00:00:00 +0000 UTC
debug 2024/07/13 16:17:37 date is:  2024-06-18 00:00:00 +0000 UTC
debug 2024/07/13 16:17:37 date is:  2024-06-17 00:00:00 +0000 UTC
debug 2024/07/13 16:17:37 date is:  2024-06-16 00:00:00 +0000 UTC
debug 2024/07/13 16:18:55 date is:  2024-06-27 00:00:00 +0000 UTC
debug 2024/07/13 16:18:55 date is:  2024-07-06 00:00:00 +0000 UTC
debug 2024/07/13 16:18:55 date is:  2024-06-30 00:00:00 +0000 UTC
debug 2024/07/13 16:18:55 date is:  2024-06-29 00:00:00 +0000 UTC
debug 2024/07/13 16:18:55 date is:  2024-06-28 00:00:00 +0000 UTC
debug 2024/07/13 16:18:59 date is:  2024-06-30 00:00:00 +0000 UTC
debug 2024/07/13 16:19:01 date is:  2024-06-25 00:00:00 +0000 UTC
debug 2024/07/13 16:19:01 date is:  2024-06-24 00:00:00 +0000 UTC
debug 2024/07/13 16:19:01 date is:  2024-06-23 00:00:00 +0000 UTC
debug 2024/07/13 16:19:01 date is:  2024-06-29 00:00:00 +0000 UTC
debug 2024/07/13 16:19:01 date is:  2024-06-28 00:00:00 +0000 UTC
debug 2024/07/13 16:19:01 date is:  2024-06-27 00:00:00 +0000 UTC
debug 2024/07/13 16:19:01 date is:  2024-06-26 00:00:00 +0000 UTC
debug 2024/07/13 16:19:06 date is:  2024-06-21 00:00:00 +0000 UTC
debug 2024/07/13 16:19:06 date is:  2024-06-20 00:00:00 +0000 UTC
debug 2024/07/13 16:19:06 date is:  2024-06-19 00:00:00 +0000 UTC
debug 2024/07/13 16:19:06 date is:  2024-06-18 00:00:00 +0000 UTC
debug 2024/07/13 16:19:06 date is:  2024-06-17 00:00:00 +0000 UTC
debug 2024/07/13 16:19:06 date is:  2024-06-16 00:00:00 +0000 UTC
debug 2024/07/13 16:19:06 date is:  2024-06-15 00:00:00 +0000 UTC
debug 2024/07/13 16:19:06 date is:  2024-06-22 00:00:00 +0000 UTC
debug 2024/07/13 16:19:18 date is:  2024-06-10 00:00:00 +0000 UTC
debug 2024/07/13 16:19:18 date is:  2024-06-09 00:00:00 +0000 UTC
debug 2024/07/13 16:19:18 date is:  2024-06-15 00:00:00 +0000 UTC
debug 2024/07/13 16:19:18 date is:  2024-06-14 00:00:00 +0000 UTC
debug 2024/07/13 16:19:18 date is:  2024-06-13 00:00:00 +0000 UTC
debug 2024/07/13 16:19:18 date is:  2024-06-12 00:00:00 +0000 UTC
debug 2024/07/13 16:19:18 date is:  2024-06-11 00:00:00 +0000 UTC
debug 2024/07/13 16:19:26 date is:  2024-06-04 00:00:00 +0000 UTC
debug 2024/07/13 16:19:26 date is:  2024-06-03 00:00:00 +0000 UTC
debug 2024/07/13 16:19:26 date is:  2024-06-02 00:00:00 +0000 UTC
debug 2024/07/13 16:19:26 date is:  2024-06-08 00:00:00 +0000 UTC
debug 2024/07/13 16:19:26 date is:  2024-06-07 00:00:00 +0000 UTC
debug 2024/07/13 16:19:26 date is:  2024-06-06 00:00:00 +0000 UTC
debug 2024/07/13 16:19:26 date is:  2024-06-05 00:00:00 +0000 UTC
debug 2024/07/13 16:19:35 date is:  2024-05-31 00:00:00 +0000 UTC
debug 2024/07/13 16:19:35 date is:  2024-05-30 00:00:00 +0000 UTC
debug 2024/07/13 16:19:35 date is:  2024-05-29 00:00:00 +0000 UTC
debug 2024/07/13 16:19:35 date is:  2024-05-28 00:00:00 +0000 UTC
debug 2024/07/13 16:19:35 date is:  2024-05-27 00:00:00 +0000 UTC
debug 2024/07/13 16:19:35 date is:  2024-05-26 00:00:00 +0000 UTC
debug 2024/07/13 16:19:35 date is:  2024-06-01 00:00:00 +0000 UTC
debug 2024/07/13 16:19:39 date is:  2024-05-24 00:00:00 +0000 UTC
debug 2024/07/13 16:19:39 date is:  2024-05-23 00:00:00 +0000 UTC
debug 2024/07/13 16:19:39 date is:  2024-05-22 00:00:00 +0000 UTC
debug 2024/07/13 16:19:39 date is:  2024-05-21 00:00:00 +0000 UTC
debug 2024/07/13 16:19:39 date is:  2024-05-20 00:00:00 +0000 UTC
debug 2024/07/13 16:19:39 date is:  2024-05-19 00:00:00 +0000 UTC
debug 2024/07/13 16:19:39 date is:  2024-05-25 00:00:00 +0000 UTC
debug 2024/07/13 16:19:47 date is:  2024-05-17 00:00:00 +0000 UTC
debug 2024/07/13 16:19:47 date is:  2024-05-16 00:00:00 +0000 UTC
debug 2024/07/13 16:19:47 date is:  2024-05-15 00:00:00 +0000 UTC
debug 2024/07/13 16:19:47 date is:  2024-05-14 00:00:00 +0000 UTC
debug 2024/07/13 16:19:47 date is:  2024-05-13 00:00:00 +0000 UTC
debug 2024/07/13 16:19:47 date is:  2024-05-12 00:00:00 +0000 UTC
debug 2024/07/13 16:19:47 date is:  2024-05-18 00:00:00 +0000 UTC
debug 2024/07/13 16:19:49 date is:  2024-05-10 00:00:00 +0000 UTC
debug 2024/07/13 16:19:49 date is:  2024-05-09 00:00:00 +0000 UTC
debug 2024/07/13 16:19:49 date is:  2024-05-08 00:00:00 +0000 UTC
debug 2024/07/13 16:19:49 date is:  2024-05-07 00:00:00 +0000 UTC
debug 2024/07/13 16:19:49 date is:  2024-05-06 00:00:00 +0000 UTC
debug 2024/07/13 16:19:49 date is:  2024-05-05 00:00:00 +0000 UTC
debug 2024/07/13 16:19:49 date is:  2024-05-04 00:00:00 +0000 UTC
debug 2024/07/13 16:19:49 date is:  2024-05-11 00:00:00 +0000 UTC
debug 2024/07/13 16:19:50 date is:  2024-05-02 00:00:00 +0000 UTC
debug 2024/07/13 16:19:50 date is:  2024-05-01 00:00:00 +0000 UTC
debug 2024/07/13 16:19:50 date is:  2024-04-30 00:00:00 +0000 UTC
debug 2024/07/13 16:19:50 date is:  2024-04-29 00:00:00 +0000 UTC
debug 2024/07/13 16:19:50 date is:  2024-04-28 00:00:00 +0000 UTC
debug 2024/07/13 16:19:50 date is:  2024-04-27 00:00:00 +0000 UTC
debug 2024/07/13 16:19:50 date is:  2024-05-04 00:00:00 +0000 UTC
debug 2024/07/13 16:19:50 date is:  2024-05-03 00:00:00 +0000 UTC
debug 2024/07/13 16:19:51 date is:  2024-04-23 00:00:00 +0000 UTC
debug 2024/07/13 16:19:51 date is:  2024-04-22 00:00:00 +0000 UTC
debug 2024/07/13 16:19:51 date is:  2024-04-21 00:00:00 +0000 UTC
debug 2024/07/13 16:19:51 date is:  2024-04-27 00:00:00 +0000 UTC
debug 2024/07/13 16:19:51 date is:  2024-04-26 00:00:00 +0000 UTC
debug 2024/07/13 16:19:51 date is:  2024-04-25 00:00:00 +0000 UTC
debug 2024/07/13 16:19:51 date is:  2024-04-24 00:00:00 +0000 UTC
debug 2024/07/13 16:19:51 date is:  2024-05-04 00:00:00 +0000 UTC
debug 2024/07/13 16:19:51 date is:  2024-05-03 00:00:00 +0000 UTC
debug 2024/07/13 16:19:51 date is:  2024-05-02 00:00:00 +0000 UTC
debug 2024/07/13 16:19:51 date is:  2024-05-01 00:00:00 +0000 UTC
debug 2024/07/13 16:19:51 date is:  2024-04-30 00:00:00 +0000 UTC
debug 2024/07/13 16:19:51 date is:  2024-04-29 00:00:00 +0000 UTC
debug 2024/07/13 16:19:51 date is:  2024-04-28 00:00:00 +0000 UTC
debug 2024/07/13 16:19:51 date is:  2024-04-27 00:00:00 +0000 UTC
debug 2024/07/13 16:19:52 date is:  2024-05-04 00:00:00 +0000 UTC
debug 2024/07/13 16:19:52 date is:  2024-05-11 00:00:00 +0000 UTC
debug 2024/07/13 16:19:52 date is:  2024-05-10 00:00:00 +0000 UTC
debug 2024/07/13 16:19:52 date is:  2024-05-09 00:00:00 +0000 UTC
debug 2024/07/13 16:19:52 date is:  2024-05-08 00:00:00 +0000 UTC
debug 2024/07/13 16:19:52 date is:  2024-05-07 00:00:00 +0000 UTC
debug 2024/07/13 16:19:52 date is:  2024-05-06 00:00:00 +0000 UTC
debug 2024/07/13 16:19:52 date is:  2024-05-05 00:00:00 +0000 UTC
debug 2024/07/13 16:19:52 date is:  2024-05-18 00:00:00 +0000 UTC
debug 2024/07/13 16:19:52 date is:  2024-05-17 00:00:00 +0000 UTC
debug 2024/07/13 16:19:52 date is:  2024-05-16 00:00:00 +0000 UTC
debug 2024/07/13 16:19:52 date is:  2024-05-15 00:00:00 +0000 UTC
debug 2024/07/13 16:19:52 date is:  2024-05-14 00:00:00 +0000 UTC
debug 2024/07/13 16:19:52 date is:  2024-05-13 00:00:00 +0000 UTC
debug 2024/07/13 16:19:52 date is:  2024-05-12 00:00:00 +0000 UTC
debug 2024/07/13 16:19:52 date is:  2024-05-24 00:00:00 +0000 UTC
debug 2024/07/13 16:19:52 date is:  2024-05-23 00:00:00 +0000 UTC
debug 2024/07/13 16:19:52 date is:  2024-05-22 00:00:00 +0000 UTC
debug 2024/07/13 16:19:52 date is:  2024-05-21 00:00:00 +0000 UTC
debug 2024/07/13 16:19:52 date is:  2024-05-20 00:00:00 +0000 UTC
debug 2024/07/13 16:19:52 date is:  2024-05-19 00:00:00 +0000 UTC
debug 2024/07/13 16:19:52 date is:  2024-05-25 00:00:00 +0000 UTC
debug 2024/07/13 16:19:53 date is:  2024-06-01 00:00:00 +0000 UTC
debug 2024/07/13 16:19:53 date is:  2024-05-31 00:00:00 +0000 UTC
debug 2024/07/13 16:19:53 date is:  2024-05-30 00:00:00 +0000 UTC
debug 2024/07/13 16:19:53 date is:  2024-05-29 00:00:00 +0000 UTC
debug 2024/07/13 16:19:53 date is:  2024-05-28 00:00:00 +0000 UTC
debug 2024/07/13 16:19:53 date is:  2024-05-27 00:00:00 +0000 UTC
debug 2024/07/13 16:19:53 date is:  2024-05-26 00:00:00 +0000 UTC
debug 2024/07/13 16:19:53 date is:  2024-06-07 00:00:00 +0000 UTC
debug 2024/07/13 16:19:53 date is:  2024-06-06 00:00:00 +0000 UTC
debug 2024/07/13 16:19:53 date is:  2024-06-05 00:00:00 +0000 UTC
debug 2024/07/13 16:19:53 date is:  2024-06-04 00:00:00 +0000 UTC
debug 2024/07/13 16:19:53 date is:  2024-06-03 00:00:00 +0000 UTC
debug 2024/07/13 16:19:53 date is:  2024-06-02 00:00:00 +0000 UTC
debug 2024/07/13 16:19:53 date is:  2024-06-08 00:00:00 +0000 UTC
debug 2024/07/13 16:19:54 date is:  2024-06-12 00:00:00 +0000 UTC
debug 2024/07/13 16:19:54 date is:  2024-06-11 00:00:00 +0000 UTC
debug 2024/07/13 16:19:54 date is:  2024-06-10 00:00:00 +0000 UTC
debug 2024/07/13 16:19:54 date is:  2024-06-09 00:00:00 +0000 UTC
debug 2024/07/13 16:19:54 date is:  2024-06-15 00:00:00 +0000 UTC
debug 2024/07/13 16:19:54 date is:  2024-06-14 00:00:00 +0000 UTC
debug 2024/07/13 16:19:54 date is:  2024-06-13 00:00:00 +0000 UTC
debug 2024/07/13 16:22:27 date is:  2024-06-30 00:00:00 +0000 UTC
debug 2024/07/13 16:22:27 date is:  2024-06-29 00:00:00 +0000 UTC
debug 2024/07/13 16:22:27 date is:  2024-06-28 00:00:00 +0000 UTC
debug 2024/07/13 16:22:27 date is:  2024-06-27 00:00:00 +0000 UTC
debug 2024/07/13 16:22:27 date is:  2024-07-06 00:00:00 +0000 UTC
debug 2024/07/13 16:23:41 date is:  2024-06-29 00:00:00 +0000 UTC
debug 2024/07/13 16:23:41 date is:  2024-06-28 00:00:00 +0000 UTC
debug 2024/07/13 16:23:41 date is:  2024-06-27 00:00:00 +0000 UTC
debug 2024/07/13 16:23:41 date is:  2024-07-06 00:00:00 +0000 UTC
debug 2024/07/13 16:23:41 date is:  2024-06-30 00:00:00 +0000 UTC
debug 2024/07/13 16:24:05 date is:  2024-06-30 00:00:00 +0000 UTC
debug 2024/07/13 16:24:05 date is:  2024-06-29 00:00:00 +0000 UTC
debug 2024/07/13 16:24:05 date is:  2024-06-28 00:00:00 +0000 UTC
debug 2024/07/13 16:24:05 date is:  2024-06-27 00:00:00 +0000 UTC
debug 2024/07/13 16:24:05 date is:  2024-07-06 00:00:00 +0000 UTC
debug 2024/07/13 16:24:32 date is:  2024-07-06 00:00:00 +0000 UTC
debug 2024/07/13 16:24:32 date is:  2024-06-30 00:00:00 +0000 UTC
debug 2024/07/13 16:24:32 date is:  2024-06-29 00:00:00 +0000 UTC
debug 2024/07/13 16:24:32 date is:  2024-06-28 00:00:00 +0000 UTC
debug 2024/07/13 16:24:32 date is:  2024-06-27 00:00:00 +0000 UTC
debug 2024/07/13 16:24:34 batchDiet:  [{2024-06-30 Moms cheat doughnuts Moms cheat doughnuts  98 42 0 556}]
debug 2024/07/13 16:24:44 batchDiet:  [{2024-06-29 Baked swiss cheese omelet Baked swiss cheese omelet  75 1 0 762} {2024-06-28 Ginger lemon muffins Ginger lemon muffins  91 65 0 888} {2024-06-27 Chef flowers simple sunday brunch omelette Chef flowers simple sunday brunch omelette  97 69 0 468} {2024-06-26 Migas lite for 2 Migas lite for 2  64 41 0 834} {2024-06-25 Cheery cherry muffins Cheery cherry muffins  56 24 0 694} {2024-06-24    0 0 0 0} {2024-06-23 Nats cucumber cream cheese bagel Nats cucumber cream cheese bagel  6 45 0 598}]
debug 2024/07/13 16:25:14 batchDiet:  [{2024-06-17 Chicken and egg on rice oyako donburi Chicken and egg on rice oyako donburi  95 87 0 908} {2024-06-16 Pikelets australian pancakes Pikelets australian pancakes  9 77 0 928} {2024-06-15  Creamy scrambled eggs in the microwave  96 48 0 248} {2024-06-22 Nats cucumber cream cheese bagel Nats cucumber cream cheese bagel  36 14 0 626} {2024-06-21 Nats cucumber cream cheese bagel Nats cucumber cream cheese bagel  36 14 0 626} {2024-06-20 Wake up stuffed french breakfast panini Wake up stuffed french breakfast panini  68 15 0 868} {2024-06-19 Banana blueberry oatmeal bread Banana blueberry oatmeal bread  6 29 0 940} {2024-06-18 Breakfast casserole seasoned with country gravy Breakfast casserole seasoned with country gravy  43 95 0 932}]
debug 2024/07/13 16:25:47 batchDiet:  [{2024-06-12 Oatmeal cookie granola Oatmeal cookie granola  98 71 0 546} {2024-06-11 Green mountain granola Green mountain granola  37 91 0 850} {2024-06-10 Canadian bacon cheese omelet Canadian bacon cheese omelet  16 100 0 406} {2024-06-09 Broiled cinnamon toast Broiled cinnamon toast  12 90 0 634} {2024-06-15 Creamy scrambled eggs in the microwave   96 48 0 248} {2024-06-14 Vanilla fruit dip Vanilla fruit dip  10 14 0 742} {2024-06-13 Grandmas swedish thin pancakes Grandmas swedish thin pancakes  70 39 0 918}]
debug 2024/07/13 16:25:53 batchDiet:  [{2024-06-08 Grilled cheese on raisin bread Grilled cheese on raisin bread  85 15 0 984} {2024-06-07 Scrambled eggs oeufs brouills Scrambled eggs oeufs brouills  65 61 0 682} {2024-06-06 Banana blueberry oatmeal bread Banana blueberry oatmeal bread  6 29 0 940} {2024-06-05 Ginger lemon muffins Ginger lemon muffins  14 23 0 804} {2024-06-04 3 meat breakfast pizza 3 meat breakfast pizza  100 96 0 520} {2024-06-03 Chicken and egg on rice oyako donburi Chicken and egg on rice oyako donburi  36 9 0 556} {2024-06-02 A faster egg muffin A faster egg muffin  41 72 0 962}]
debug 2024/07/13 16:25:56 batchDiet:  [{2024-05-29 Vanilla fruit dip Vanilla fruit dip  52 80 0 412} {2024-05-28 Scrambled egg sandwiches with onions and red peppers Scrambled egg sandwiches with onions and red peppers  72 66 0 634} {2024-05-27 Creamy scrambled eggs in the microwave Creamy scrambled eggs in the microwave  28 78 0 786} {2024-05-26 Asparagus omelette wraps Asparagus omelette wraps  63 31 0 532} {2024-06-01 Country scrambled eggs Country scrambled eggs  49 21 0 596} {2024-05-31 Pikelets australian pancakes Pikelets australian pancakes  9 77 0 928} {2024-05-30 Scrambled egg sandwiches with onions and red peppers Scrambled egg sandwiches with onions and red peppers  72 66 0 634}]
debug 2024/07/13 16:25:56 batchDiet:  [{2024-06-08 Grilled cheese on raisin bread Grilled cheese on raisin bread  85 15 0 984} {2024-06-07 Scrambled eggs oeufs brouills Scrambled eggs oeufs brouills  65 61 0 682} {2024-06-06 Banana blueberry oatmeal bread Banana blueberry oatmeal bread  6 29 0 940} {2024-06-05 Ginger lemon muffins Ginger lemon muffins  14 23 0 804} {2024-06-04 3 meat breakfast pizza 3 meat breakfast pizza  100 96 0 520} {2024-06-03 Chicken and egg on rice oyako donburi Chicken and egg on rice oyako donburi  36 9 0 556} {2024-06-02 A faster egg muffin A faster egg muffin  41 72 0 962}]
debug 2024/07/13 16:30:19 date is:  2024-06-30 00:00:00 +0000 UTC
debug 2024/07/13 16:30:19 date is:  2024-06-29 00:00:00 +0000 UTC
debug 2024/07/13 16:30:19 date is:  2024-06-28 00:00:00 +0000 UTC
debug 2024/07/13 16:30:19 date is:  2024-06-27 00:00:00 +0000 UTC
debug 2024/07/13 16:30:19 date is:  2024-07-06 00:00:00 +0000 UTC
debug 2024/07/13 16:30:45 batchDiet:  [{2024-06-30 Moms cheat doughnuts Moms cheat doughnuts  98 42 0 556} {2024-07-06    0 0 0 0}]
debug 2024/07/13 16:30:48 batchDiet:  [{2024-06-29 Baked swiss cheese omelet Baked swiss cheese omelet  75 1 0 762} {2024-06-28 Ginger lemon muffins Ginger lemon muffins  91 65 0 888} {2024-06-27 Chef flowers simple sunday brunch omelette Chef flowers simple sunday brunch omelette  97 69 0 468} {2024-06-26 Migas lite for 2 Migas lite for 2  64 41 0 834} {2024-06-25 Cheery cherry muffins Cheery cherry muffins  56 24 0 694} {2024-06-24    0 0 0 0} {2024-06-23 Nats cucumber cream cheese bagel Nats cucumber cream cheese bagel  6 45 0 598}]
debug 2024/07/13 16:30:50 batchDiet:  [{2024-06-17 Chicken and egg on rice oyako donburi Chicken and egg on rice oyako donburi  95 87 0 908} {2024-06-16 Pikelets australian pancakes Pikelets australian pancakes  9 77 0 928} {2024-06-15  Creamy scrambled eggs in the microwave  96 48 0 248} {2024-06-22 Nats cucumber cream cheese bagel Nats cucumber cream cheese bagel  36 14 0 626} {2024-06-21 Nats cucumber cream cheese bagel Nats cucumber cream cheese bagel  36 14 0 626} {2024-06-20 Wake up stuffed french breakfast panini Wake up stuffed french breakfast panini  68 15 0 868} {2024-06-19 Banana blueberry oatmeal bread Banana blueberry oatmeal bread  6 29 0 940} {2024-06-18 Breakfast casserole seasoned with country gravy Breakfast casserole seasoned with country gravy  43 95 0 932}]
debug 2024/07/13 16:30:51 batchDiet:  [{2024-06-29 Baked swiss cheese omelet Baked swiss cheese omelet  75 1 0 762} {2024-06-28 Ginger lemon muffins Ginger lemon muffins  91 65 0 888} {2024-06-27 Chef flowers simple sunday brunch omelette Chef flowers simple sunday brunch omelette  97 69 0 468} {2024-06-26 Migas lite for 2 Migas lite for 2  64 41 0 834} {2024-06-25 Cheery cherry muffins Cheery cherry muffins  56 24 0 694} {2024-06-24    0 0 0 0} {2024-06-23 Nats cucumber cream cheese bagel Nats cucumber cream cheese bagel  6 45 0 598}]
debug 2024/07/13 16:30:52 batchDiet:  [{2024-06-19 Banana blueberry oatmeal bread Banana blueberry oatmeal bread  6 29 0 940} {2024-06-18 Breakfast casserole seasoned with country gravy Breakfast casserole seasoned with country gravy  43 95 0 932} {2024-06-17 Chicken and egg on rice oyako donburi Chicken and egg on rice oyako donburi  95 87 0 908} {2024-06-16 Pikelets australian pancakes Pikelets australian pancakes  9 77 0 928} {2024-06-15  Creamy scrambled eggs in the microwave  96 48 0 248} {2024-06-22 Nats cucumber cream cheese bagel Nats cucumber cream cheese bagel  36 14 0 626} {2024-06-21 Nats cucumber cream cheese bagel Nats cucumber cream cheese bagel  36 14 0 626} {2024-06-20 Wake up stuffed french breakfast panini Wake up stuffed french breakfast panini  68 15 0 868}]
debug 2024/07/13 16:32:46 date is:  2024-07-06 00:00:00 +0000 UTC
debug 2024/07/13 16:32:46 date is:  2024-06-30 00:00:00 +0000 UTC
debug 2024/07/13 16:32:46 date is:  2024-06-29 00:00:00 +0000 UTC
debug 2024/07/13 16:32:46 date is:  2024-06-28 00:00:00 +0000 UTC
debug 2024/07/13 16:32:46 date is:  2024-06-27 00:00:00 +0000 UTC
debug 2024/07/13 16:32:48 data and calories:  2024-06-30 00:00:00 +0000 UTC 556
debug 2024/07/13 16:32:48 data and calories:  2024-07-06 00:00:00 +0000 UTC 0
debug 2024/07/13 16:42:14 data and calories:  2024-07-06 00:00:00 +0000 UTC 1766
debug 2024/07/13 16:42:27 data and calories:  2024-06-30 00:00:00 +0000 UTC 556
debug 2024/07/13 16:42:27 data and calories:  2024-07-06 00:00:00 +0000 UTC 0
debug 2024/07/13 16:42:49 data and calories:  2024-06-23 00:00:00 +0000 UTC 598
debug 2024/07/13 16:42:49 data and calories:  2024-06-29 00:00:00 +0000 UTC 762
debug 2024/07/13 16:42:49 data and calories:  2024-06-28 00:00:00 +0000 UTC 888
debug 2024/07/13 16:42:49 data and calories:  2024-06-27 00:00:00 +0000 UTC 468
debug 2024/07/13 16:42:49 data and calories:  2024-06-26 00:00:00 +0000 UTC 834
debug 2024/07/13 16:42:49 data and calories:  2024-06-25 00:00:00 +0000 UTC 694
debug 2024/07/13 16:42:49 data and calories:  2024-06-24 00:00:00 +0000 UTC 0
debug 2024/07/13 16:44:04 data and calories:  2024-07-06 00:00:00 +0000 UTC 1766
debug 2024/07/13 16:44:04 

debug 2024/07/13 16:44:28 data and calories:  2024-06-30 00:00:00 +0000 UTC 556
debug 2024/07/13 16:44:28 data and calories:  2024-07-06 00:00:00 +0000 UTC 0
debug 2024/07/13 16:44:28 

debug 2024/07/13 16:44:58 data and calories:  2024-06-27 00:00:00 +0000 UTC 468
debug 2024/07/13 16:44:58 data and calories:  2024-06-26 00:00:00 +0000 UTC 834
debug 2024/07/13 16:44:58 data and calories:  2024-06-25 00:00:00 +0000 UTC 694
debug 2024/07/13 16:44:58 data and calories:  2024-06-24 00:00:00 +0000 UTC 0
debug 2024/07/13 16:44:58 data and calories:  2024-06-23 00:00:00 +0000 UTC 598
debug 2024/07/13 16:44:58 data and calories:  2024-06-29 00:00:00 +0000 UTC 762
debug 2024/07/13 16:44:58 data and calories:  2024-06-28 00:00:00 +0000 UTC 888
debug 2024/07/13 16:44:58 

debug 2024/07/13 16:53:38 data and calories:  2024-07-06 00:00:00 +0000 UTC 1766
debug 2024/07/13 16:53:38 

debug 2024/07/13 16:53:40 data and calories:  2024-06-30 00:00:00 +0000 UTC 556
debug 2024/07/13 16:53:40 data and calories:  2024-07-06 00:00:00 +0000 UTC 0
debug 2024/07/13 16:53:40 

debug 2024/07/13 16:53:41 data and calories:  2024-06-28 00:00:00 +0000 UTC 888
debug 2024/07/13 16:53:41 data and calories:  2024-06-29 00:00:00 +0000 UTC 762
debug 2024/07/13 16:53:41 data and calories:  2024-06-23 00:00:00 +0000 UTC 598
debug 2024/07/13 16:53:41 data and calories:  2024-06-24 00:00:00 +0000 UTC 0
debug 2024/07/13 16:53:41 data and calories:  2024-06-25 00:00:00 +0000 UTC 694
debug 2024/07/13 16:53:41 data and calories:  2024-06-26 00:00:00 +0000 UTC 834
debug 2024/07/13 16:53:41 data and calories:  2024-06-27 00:00:00 +0000 UTC 468
debug 2024/07/13 16:53:41 

debug 2024/07/13 16:58:18 dietmap:  map[2024-07-06:[{2024-07-06 lunch {3 Grandmas swedish thin pancakes 340 23 76 0 1719688496383}} {2024-07-06 dinner {4 Blueberry banana happy face pancakes 226 61 21 0 1719688496383}} {2024-07-06 lunch {106  400 0 0 0 0}} {2024-07-06 lunch {105 bla bla 300 0 0 0 0}} {2024-07-06 breakfast {104 bla bla 300 0 0 0 0}} {2024-07-06 breakfast {103 bla bla 200 0 0 0 0}}]]
debug 2024/07/13 16:58:18 weekDiets:  [{2024-07-06 bla bla bla bla Blueberry banana happy face pancakes 0 0 0 1766}]
debug 2024/07/13 16:58:18 data and calories:  2024-07-06 00:00:00 +0000 UTC 1766
debug 2024/07/13 16:58:18 

debug 2024/07/13 16:58:39 dietmap:  map[2024-06-30:[{2024-06-30 breakfast {97 Moms cheat doughnuts 278 98 42 0 1719688496412}} {2024-06-30 lunch {97 Moms cheat doughnuts 278 98 42 0 1719688496412}}] 2024-07-06:[{2024-07-06 breakfast {102  0 0 0 0 0}} {2024-07-06 breakfast {101  0 0 0 0 0}}]]
debug 2024/07/13 16:58:39 weekDiets:  [{2024-07-06    0 0 0 0} {2024-06-30 Moms cheat doughnuts Moms cheat doughnuts  98 42 0 556}]
debug 2024/07/13 16:58:39 data and calories:  2024-07-06 00:00:00 +0000 UTC 0
debug 2024/07/13 16:58:39 data and calories:  2024-06-30 00:00:00 +0000 UTC 556
debug 2024/07/13 16:58:39 

debug 2024/07/13 16:59:10 dietmap:  map[2024-06-23:[{2024-06-23 lunch {75 Nats cucumber cream cheese bagel 299 6 45 0 1719688496406}} {2024-06-23 breakfast {75 Nats cucumber cream cheese bagel 299 6 45 0 1719688496406}}] 2024-06-24:[{2024-06-24 lunch {0  0 0 0 0 0}} {2024-06-24 breakfast {0  0 0 0 0 0}}] 2024-06-25:[{2024-06-25 lunch {53 Cheery cherry muffins 347 56 24 0 1719688496400}} {2024-06-25 breakfast {53 Cheery cherry muffins 347 56 24 0 1719688496400}}] 2024-06-26:[{2024-06-26 lunch {31 Migas lite for 2 417 64 41 0 1719688496393}} {2024-06-26 breakfast {31 Migas lite for 2 417 64 41 0 1719688496393}}] 2024-06-27:[{2024-06-27 lunch {89 Chef flowers simple sunday brunch omelette 234 97 69 0 1719688496410}} {2024-06-27 breakfast {89 Chef flowers simple sunday brunch omelette 234 97 69 0 1719688496410}}] 2024-06-28:[{2024-06-28 breakfast {24 Ginger lemon muffins 444 91 65 0 1719688496391}} {2024-06-28 lunch {24 Ginger lemon muffins 444 91 65 0 1719688496391}}] 2024-06-29:[{2024-06-29 breakfast {74 Baked swiss cheese omelet 381 75 1 0 1719688496405}} {2024-06-29 lunch {74 Baked swiss cheese omelet 381 75 1 0 1719688496405}}]]
debug 2024/07/13 16:59:10 weekDiets:  [{2024-06-27 Chef flowers simple sunday brunch omelette Chef flowers simple sunday brunch omelette  97 69 0 468} {2024-06-26 Migas lite for 2 Migas lite for 2  64 41 0 834} {2024-06-25 Cheery cherry muffins Cheery cherry muffins  56 24 0 694} {2024-06-24    0 0 0 0} {2024-06-23 Nats cucumber cream cheese bagel Nats cucumber cream cheese bagel  6 45 0 598} {2024-06-29 Baked swiss cheese omelet Baked swiss cheese omelet  75 1 0 762} {2024-06-28 Ginger lemon muffins Ginger lemon muffins  91 65 0 888}]
debug 2024/07/13 16:59:10 data and calories:  2024-06-27 00:00:00 +0000 UTC 468
debug 2024/07/13 16:59:10 data and calories:  2024-06-26 00:00:00 +0000 UTC 834
debug 2024/07/13 16:59:10 data and calories:  2024-06-25 00:00:00 +0000 UTC 694
debug 2024/07/13 16:59:10 data and calories:  2024-06-24 00:00:00 +0000 UTC 0
debug 2024/07/13 16:59:10 data and calories:  2024-06-23 00:00:00 +0000 UTC 598
debug 2024/07/13 16:59:10 data and calories:  2024-06-29 00:00:00 +0000 UTC 762
debug 2024/07/13 16:59:10 data and calories:  2024-06-28 00:00:00 +0000 UTC 888
debug 2024/07/13 16:59:10 

debug 2024/07/13 17:40:53 data and calories:  2024-07-06 00:00:00 +0000 UTC 1766
debug 2024/07/13 17:40:53 

debug 2024/07/13 17:40:56 data and calories:  2024-07-06 00:00:00 +0000 UTC 0
debug 2024/07/13 17:40:56 data and calories:  2024-06-30 00:00:00 +0000 UTC 556
debug 2024/07/13 17:40:56 

debug 2024/07/13 17:40:56 data and calories:  2024-06-29 00:00:00 +0000 UTC 762
debug 2024/07/13 17:40:56 data and calories:  2024-06-28 00:00:00 +0000 UTC 888
debug 2024/07/13 17:40:56 data and calories:  2024-06-27 00:00:00 +0000 UTC 468
debug 2024/07/13 17:40:56 data and calories:  2024-06-26 00:00:00 +0000 UTC 834
debug 2024/07/13 17:40:56 data and calories:  2024-06-25 00:00:00 +0000 UTC 694
debug 2024/07/13 17:40:56 data and calories:  2024-06-24 00:00:00 +0000 UTC 0
debug 2024/07/13 17:40:56 data and calories:  2024-06-23 00:00:00 +0000 UTC 598
debug 2024/07/13 17:40:56 

debug 2024/07/13 17:40:59 data and calories:  2024-06-22 00:00:00 +0000 UTC 626
debug 2024/07/13 17:40:59 data and calories:  2024-06-21 00:00:00 +0000 UTC 626
debug 2024/07/13 17:40:59 data and calories:  2024-06-20 00:00:00 +0000 UTC 868
debug 2024/07/13 17:40:59 data and calories:  2024-06-19 00:00:00 +0000 UTC 940
debug 2024/07/13 17:40:59 data and calories:  2024-06-18 00:00:00 +0000 UTC 932
debug 2024/07/13 17:40:59 data and calories:  2024-06-17 00:00:00 +0000 UTC 908
debug 2024/07/13 17:40:59 data and calories:  2024-06-16 00:00:00 +0000 UTC 928
debug 2024/07/13 17:40:59 

debug 2024/07/13 17:41:01 data and calories:  2024-06-29 00:00:00 +0000 UTC 762
debug 2024/07/13 17:41:01 data and calories:  2024-06-28 00:00:00 +0000 UTC 888
debug 2024/07/13 17:41:01 data and calories:  2024-06-27 00:00:00 +0000 UTC 468
debug 2024/07/13 17:41:01 data and calories:  2024-06-26 00:00:00 +0000 UTC 834
debug 2024/07/13 17:41:01 data and calories:  2024-06-25 00:00:00 +0000 UTC 694
debug 2024/07/13 17:41:01 data and calories:  2024-06-24 00:00:00 +0000 UTC 0
debug 2024/07/13 17:41:01 data and calories:  2024-06-23 00:00:00 +0000 UTC 598
debug 2024/07/13 17:41:01 

debug 2024/07/13 17:41:05 data and calories:  2024-06-22 00:00:00 +0000 UTC 626
debug 2024/07/13 17:41:05 data and calories:  2024-06-21 00:00:00 +0000 UTC 626
debug 2024/07/13 17:41:05 data and calories:  2024-06-20 00:00:00 +0000 UTC 868
debug 2024/07/13 17:41:05 data and calories:  2024-06-19 00:00:00 +0000 UTC 940
debug 2024/07/13 17:41:05 data and calories:  2024-06-18 00:00:00 +0000 UTC 932
debug 2024/07/13 17:41:05 data and calories:  2024-06-17 00:00:00 +0000 UTC 908
debug 2024/07/13 17:41:05 data and calories:  2024-06-16 00:00:00 +0000 UTC 928
debug 2024/07/13 17:41:05 

debug 2024/07/13 17:41:07 data and calories:  2024-06-15 00:00:00 +0000 UTC 496
debug 2024/07/13 17:41:07 data and calories:  2024-06-14 00:00:00 +0000 UTC 742
debug 2024/07/13 17:41:07 data and calories:  2024-06-13 00:00:00 +0000 UTC 918
debug 2024/07/13 17:41:07 data and calories:  2024-06-12 00:00:00 +0000 UTC 546
debug 2024/07/13 17:41:07 data and calories:  2024-06-11 00:00:00 +0000 UTC 850
debug 2024/07/13 17:41:07 data and calories:  2024-06-10 00:00:00 +0000 UTC 406
debug 2024/07/13 17:41:07 data and calories:  2024-06-09 00:00:00 +0000 UTC 634
debug 2024/07/13 17:41:07 

debug 2024/07/13 17:41:09 data and calories:  2024-06-08 00:00:00 +0000 UTC 984
debug 2024/07/13 17:41:09 data and calories:  2024-06-07 00:00:00 +0000 UTC 682
debug 2024/07/13 17:41:09 data and calories:  2024-06-06 00:00:00 +0000 UTC 940
debug 2024/07/13 17:41:09 data and calories:  2024-06-05 00:00:00 +0000 UTC 804
debug 2024/07/13 17:41:09 data and calories:  2024-06-04 00:00:00 +0000 UTC 520
debug 2024/07/13 17:41:09 data and calories:  2024-06-03 00:00:00 +0000 UTC 556
debug 2024/07/13 17:41:09 data and calories:  2024-06-02 00:00:00 +0000 UTC 962
debug 2024/07/13 17:41:09 

debug 2024/07/13 17:41:10 data and calories:  2024-06-01 00:00:00 +0000 UTC 596
debug 2024/07/13 17:41:10 data and calories:  2024-05-31 00:00:00 +0000 UTC 928
debug 2024/07/13 17:41:10 data and calories:  2024-05-30 00:00:00 +0000 UTC 634
debug 2024/07/13 17:41:10 data and calories:  2024-05-29 00:00:00 +0000 UTC 412
debug 2024/07/13 17:41:10 data and calories:  2024-05-28 00:00:00 +0000 UTC 634
debug 2024/07/13 17:41:10 data and calories:  2024-05-27 00:00:00 +0000 UTC 786
debug 2024/07/13 17:41:10 data and calories:  2024-05-26 00:00:00 +0000 UTC 532
debug 2024/07/13 17:41:10 

debug 2024/07/13 17:41:10 data and calories:  2024-05-25 00:00:00 +0000 UTC 488
debug 2024/07/13 17:41:10 data and calories:  2024-05-24 00:00:00 +0000 UTC 940
debug 2024/07/13 17:41:10 data and calories:  2024-05-23 00:00:00 +0000 UTC 646
debug 2024/07/13 17:41:10 data and calories:  2024-05-22 00:00:00 +0000 UTC 436
debug 2024/07/13 17:41:10 data and calories:  2024-05-21 00:00:00 +0000 UTC 458
debug 2024/07/13 17:41:10 data and calories:  2024-05-20 00:00:00 +0000 UTC 984
debug 2024/07/13 17:41:10 data and calories:  2024-05-19 00:00:00 +0000 UTC 448
debug 2024/07/13 17:41:10 

debug 2024/07/13 17:41:11 data and calories:  2024-05-18 00:00:00 +0000 UTC 598
debug 2024/07/13 17:41:11 data and calories:  2024-05-17 00:00:00 +0000 UTC 932
debug 2024/07/13 17:41:11 data and calories:  2024-05-16 00:00:00 +0000 UTC 406
debug 2024/07/13 17:41:11 data and calories:  2024-05-15 00:00:00 +0000 UTC 582
debug 2024/07/13 17:41:11 data and calories:  2024-05-14 00:00:00 +0000 UTC 794
debug 2024/07/13 17:41:11 data and calories:  2024-05-13 00:00:00 +0000 UTC 786
debug 2024/07/13 17:41:11 data and calories:  2024-05-12 00:00:00 +0000 UTC 468
debug 2024/07/13 17:41:11 

debug 2024/07/13 17:41:11 data and calories:  2024-05-11 00:00:00 +0000 UTC 596
debug 2024/07/13 17:41:11 data and calories:  2024-05-10 00:00:00 +0000 UTC 578
debug 2024/07/13 17:41:11 data and calories:  2024-05-09 00:00:00 +0000 UTC 744
debug 2024/07/13 17:41:11 data and calories:  2024-05-08 00:00:00 +0000 UTC 404
debug 2024/07/13 17:41:11 data and calories:  2024-05-07 00:00:00 +0000 UTC 450
debug 2024/07/13 17:41:11 data and calories:  2024-05-06 00:00:00 +0000 UTC 806
debug 2024/07/13 17:41:11 data and calories:  2024-05-05 00:00:00 +0000 UTC 496
debug 2024/07/13 17:41:11 

debug 2024/07/13 17:41:11 data and calories:  2024-05-04 00:00:00 +0000 UTC 490
debug 2024/07/13 17:41:11 data and calories:  2024-05-03 00:00:00 +0000 UTC 556
debug 2024/07/13 17:41:11 data and calories:  2024-05-02 00:00:00 +0000 UTC 412
debug 2024/07/13 17:41:11 data and calories:  2024-05-01 00:00:00 +0000 UTC 752
debug 2024/07/13 17:41:11 data and calories:  2024-04-30 00:00:00 +0000 UTC 932
debug 2024/07/13 17:41:11 data and calories:  2024-04-29 00:00:00 +0000 UTC 868
debug 2024/07/13 17:41:11 data and calories:  2024-04-28 00:00:00 +0000 UTC 488
debug 2024/07/13 17:41:11 data and calories:  2024-04-27 00:00:00 +0000 UTC 0
debug 2024/07/13 17:41:11 

debug 2024/07/13 17:41:12 data and calories:  2024-04-27 00:00:00 +0000 UTC 0
debug 2024/07/13 17:41:12 data and calories:  2024-04-26 00:00:00 +0000 UTC 842
debug 2024/07/13 17:41:12 data and calories:  2024-04-25 00:00:00 +0000 UTC 806
debug 2024/07/13 17:41:12 data and calories:  2024-04-24 00:00:00 +0000 UTC 490
debug 2024/07/13 17:41:12 data and calories:  2024-04-23 00:00:00 +0000 UTC 964
debug 2024/07/13 17:41:12 data and calories:  2024-04-22 00:00:00 +0000 UTC 646
debug 2024/07/13 17:41:12 data and calories:  2024-04-21 00:00:00 +0000 UTC 754
debug 2024/07/13 17:41:12 

debug 2024/07/13 17:41:13 data and calories:  2024-04-20 00:00:00 +0000 UTC 848
debug 2024/07/13 17:41:13 data and calories:  2024-04-19 00:00:00 +0000 UTC 980
debug 2024/07/13 17:41:13 data and calories:  2024-04-18 00:00:00 +0000 UTC 490
debug 2024/07/13 17:41:13 data and calories:  2024-04-17 00:00:00 +0000 UTC 406
debug 2024/07/13 17:41:13 data and calories:  2024-04-16 00:00:00 +0000 UTC 440
debug 2024/07/13 17:41:13 data and calories:  2024-04-15 00:00:00 +0000 UTC 826
debug 2024/07/13 17:41:13 data and calories:  2024-04-14 00:00:00 +0000 UTC 780
debug 2024/07/13 17:41:13 data and calories:  2024-04-13 00:00:00 +0000 UTC 382
debug 2024/07/13 17:41:13 

debug 2024/07/13 17:41:13 data and calories:  2024-04-13 00:00:00 +0000 UTC 382
debug 2024/07/13 17:41:13 data and calories:  2024-04-12 00:00:00 +0000 UTC 768
debug 2024/07/13 17:41:13 data and calories:  2024-04-11 00:00:00 +0000 UTC 754
debug 2024/07/13 17:41:13 data and calories:  2024-04-10 00:00:00 +0000 UTC 634
debug 2024/07/13 17:41:13 data and calories:  2024-04-09 00:00:00 +0000 UTC 838
debug 2024/07/13 17:41:13 data and calories:  2024-04-08 00:00:00 +0000 UTC 668
debug 2024/07/13 17:41:13 data and calories:  2024-04-07 00:00:00 +0000 UTC 744
debug 2024/07/13 17:41:13 

debug 2024/07/13 17:41:14 data and calories:  2024-04-06 00:00:00 +0000 UTC 480
debug 2024/07/13 17:41:14 data and calories:  2024-04-05 00:00:00 +0000 UTC 556
debug 2024/07/13 17:41:14 data and calories:  2024-04-04 00:00:00 +0000 UTC 448
debug 2024/07/13 17:41:14 data and calories:  2024-04-03 00:00:00 +0000 UTC 682
debug 2024/07/13 17:41:14 data and calories:  2024-04-02 00:00:00 +0000 UTC 668
debug 2024/07/13 17:41:14 data and calories:  2024-04-01 00:00:00 +0000 UTC 472
debug 2024/07/13 17:41:14 data and calories:  2024-03-31 00:00:00 +0000 UTC 550
debug 2024/07/13 17:41:14 

debug 2024/07/13 17:41:14 data and calories:  2024-03-30 00:00:00 +0000 UTC 794
debug 2024/07/13 17:41:14 data and calories:  2024-03-29 00:00:00 +0000 UTC 804
debug 2024/07/13 17:41:14 data and calories:  2024-03-28 00:00:00 +0000 UTC 450
debug 2024/07/13 17:41:14 data and calories:  2024-03-27 00:00:00 +0000 UTC 532
debug 2024/07/13 17:41:14 data and calories:  2024-03-26 00:00:00 +0000 UTC 694
debug 2024/07/13 17:41:14 data and calories:  2024-03-25 00:00:00 +0000 UTC 958
debug 2024/07/13 17:41:14 data and calories:  2024-03-24 00:00:00 +0000 UTC 722
debug 2024/07/13 17:41:14 

debug 2024/07/13 17:41:15 data and calories:  2024-03-23 00:00:00 +0000 UTC 698
debug 2024/07/13 17:41:15 data and calories:  2024-03-22 00:00:00 +0000 UTC 450
debug 2024/07/13 17:41:15 data and calories:  2024-03-21 00:00:00 +0000 UTC 488
debug 2024/07/13 17:41:15 data and calories:  2024-03-20 00:00:00 +0000 UTC 958
debug 2024/07/13 17:41:15 data and calories:  2024-03-19 00:00:00 +0000 UTC 980
debug 2024/07/13 17:41:15 data and calories:  2024-03-18 00:00:00 +0000 UTC 786
debug 2024/07/13 17:41:15 data and calories:  2024-03-17 00:00:00 +0000 UTC 698
debug 2024/07/13 17:41:15 

debug 2024/07/13 17:41:15 data and calories:  2024-03-16 00:00:00 +0000 UTC 690
debug 2024/07/13 17:41:15 data and calories:  2024-03-15 00:00:00 +0000 UTC 596
debug 2024/07/13 17:41:15 data and calories:  2024-03-14 00:00:00 +0000 UTC 452
debug 2024/07/13 17:41:15 data and calories:  2024-03-13 00:00:00 +0000 UTC 510
debug 2024/07/13 17:41:15 data and calories:  2024-03-12 00:00:00 +0000 UTC 436
debug 2024/07/13 17:41:15 data and calories:  2024-03-11 00:00:00 +0000 UTC 984
debug 2024/07/13 17:41:15 data and calories:  2024-03-10 00:00:00 +0000 UTC 786
debug 2024/07/13 17:41:15 

debug 2024/07/13 17:41:16 data and calories:  2024-03-09 00:00:00 +0000 UTC 680
debug 2024/07/13 17:41:16 data and calories:  2024-03-08 00:00:00 +0000 UTC 722
debug 2024/07/13 17:41:16 data and calories:  2024-03-07 00:00:00 +0000 UTC 452
debug 2024/07/13 17:41:16 data and calories:  2024-03-06 00:00:00 +0000 UTC 956
debug 2024/07/13 17:41:16 data and calories:  2024-03-05 00:00:00 +0000 UTC 438
debug 2024/07/13 17:41:16 data and calories:  2024-03-04 00:00:00 +0000 UTC 904
debug 2024/07/13 17:41:16 data and calories:  2024-03-03 00:00:00 +0000 UTC 626
debug 2024/07/13 17:41:16 

debug 2024/07/13 17:41:16 data and calories:  2024-03-02 00:00:00 +0000 UTC 404
debug 2024/07/13 17:41:16 data and calories:  2024-03-01 00:00:00 +0000 UTC 442
debug 2024/07/13 17:41:16 data and calories:  2024-02-29 00:00:00 +0000 UTC 404
debug 2024/07/13 17:41:16 data and calories:  2024-02-28 00:00:00 +0000 UTC 596
debug 2024/07/13 17:41:16 data and calories:  2024-02-27 00:00:00 +0000 UTC 834
debug 2024/07/13 17:41:16 data and calories:  2024-02-26 00:00:00 +0000 UTC 534
debug 2024/07/13 17:41:16 data and calories:  2024-02-25 00:00:00 +0000 UTC 510
debug 2024/07/13 17:41:16 

debug 2024/07/13 17:41:16 data and calories:  2024-02-24 00:00:00 +0000 UTC 412
debug 2024/07/13 17:41:16 data and calories:  2024-02-23 00:00:00 +0000 UTC 486
debug 2024/07/13 17:41:16 data and calories:  2024-02-22 00:00:00 +0000 UTC 904
debug 2024/07/13 17:41:16 data and calories:  2024-02-21 00:00:00 +0000 UTC 928
debug 2024/07/13 17:41:16 data and calories:  2024-02-20 00:00:00 +0000 UTC 900
debug 2024/07/13 17:41:16 data and calories:  2024-02-19 00:00:00 +0000 UTC 668
debug 2024/07/13 17:41:16 data and calories:  2024-02-18 00:00:00 +0000 UTC 956
debug 2024/07/13 17:41:16 

debug 2024/07/13 17:41:17 data and calories:  2024-02-17 00:00:00 +0000 UTC 646
debug 2024/07/13 17:41:17 data and calories:  2024-02-16 00:00:00 +0000 UTC 822
debug 2024/07/13 17:41:17 data and calories:  2024-02-15 00:00:00 +0000 UTC 546
debug 2024/07/13 17:41:17 data and calories:  2024-02-14 00:00:00 +0000 UTC 932
debug 2024/07/13 17:41:17 data and calories:  2024-02-13 00:00:00 +0000 UTC 440
debug 2024/07/13 17:41:17 data and calories:  2024-02-12 00:00:00 +0000 UTC 834
debug 2024/07/13 17:41:17 data and calories:  2024-02-11 00:00:00 +0000 UTC 744
debug 2024/07/13 17:41:17 

debug 2024/07/13 17:41:17 data and calories:  2024-02-10 00:00:00 +0000 UTC 834
debug 2024/07/13 17:41:17 data and calories:  2024-02-09 00:00:00 +0000 UTC 776
debug 2024/07/13 17:41:17 data and calories:  2024-02-08 00:00:00 +0000 UTC 406
debug 2024/07/13 17:41:17 data and calories:  2024-02-07 00:00:00 +0000 UTC 448
debug 2024/07/13 17:41:17 data and calories:  2024-02-06 00:00:00 +0000 UTC 406
debug 2024/07/13 17:41:17 data and calories:  2024-02-05 00:00:00 +0000 UTC 482
debug 2024/07/13 17:41:17 data and calories:  2024-02-04 00:00:00 +0000 UTC 626
debug 2024/07/13 17:41:17 

debug 2024/07/13 17:41:18 data and calories:  2024-02-03 00:00:00 +0000 UTC 924
debug 2024/07/13 17:41:18 data and calories:  2024-02-02 00:00:00 +0000 UTC 956
debug 2024/07/13 17:41:18 data and calories:  2024-02-01 00:00:00 +0000 UTC 958
debug 2024/07/13 17:41:18 data and calories:  2024-01-31 00:00:00 +0000 UTC 742
debug 2024/07/13 17:41:18 data and calories:  2024-01-30 00:00:00 +0000 UTC 764
debug 2024/07/13 17:41:18 data and calories:  2024-01-29 00:00:00 +0000 UTC 956
debug 2024/07/13 17:41:18 data and calories:  2024-01-28 00:00:00 +0000 UTC 510
debug 2024/07/13 17:41:18 

debug 2024/07/13 17:41:18 data and calories:  2024-01-27 00:00:00 +0000 UTC 680
debug 2024/07/13 17:41:18 data and calories:  2024-01-26 00:00:00 +0000 UTC 904
debug 2024/07/13 17:41:18 data and calories:  2024-01-25 00:00:00 +0000 UTC 596
debug 2024/07/13 17:41:18 data and calories:  2024-01-24 00:00:00 +0000 UTC 596
debug 2024/07/13 17:41:18 data and calories:  2024-01-23 00:00:00 +0000 UTC 532
debug 2024/07/13 17:41:18 data and calories:  2024-01-22 00:00:00 +0000 UTC 900
debug 2024/07/13 17:41:18 data and calories:  2024-01-21 00:00:00 +0000 UTC 448
debug 2024/07/13 17:41:18 data and calories:  2024-01-20 00:00:00 +0000 UTC 411
debug 2024/07/13 17:41:18 

debug 2024/07/13 17:41:18 data and calories:  2024-01-20 00:00:00 +0000 UTC 411
debug 2024/07/13 17:41:18 data and calories:  2024-01-19 00:00:00 +0000 UTC 496
debug 2024/07/13 17:41:18 data and calories:  2024-01-18 00:00:00 +0000 UTC 668
debug 2024/07/13 17:41:18 data and calories:  2024-01-17 00:00:00 +0000 UTC 826
debug 2024/07/13 17:41:18 data and calories:  2024-01-16 00:00:00 +0000 UTC 646
debug 2024/07/13 17:41:18 data and calories:  2024-01-15 00:00:00 +0000 UTC 596
debug 2024/07/13 17:41:18 data and calories:  2024-01-14 00:00:00 +0000 UTC 828
debug 2024/07/13 17:41:18 

debug 2024/07/13 17:41:19 data and calories:  2024-01-13 00:00:00 +0000 UTC 904
debug 2024/07/13 17:41:19 data and calories:  2024-01-12 00:00:00 +0000 UTC 904
debug 2024/07/13 17:41:19 data and calories:  2024-01-11 00:00:00 +0000 UTC 510
debug 2024/07/13 17:41:19 data and calories:  2024-01-10 00:00:00 +0000 UTC 918
debug 2024/07/13 17:41:19 data and calories:  2024-01-09 00:00:00 +0000 UTC 752
debug 2024/07/13 17:41:19 data and calories:  2024-01-08 00:00:00 +0000 UTC 488
debug 2024/07/13 17:41:19 data and calories:  2024-01-07 00:00:00 +0000 UTC 768
debug 2024/07/13 17:41:19 

debug 2024/07/13 17:41:21 data and calories:  2024-01-06 00:00:00 +0000 UTC 970
debug 2024/07/13 17:41:21 data and calories:  2024-01-05 00:00:00 +0000 UTC 744
debug 2024/07/13 17:41:21 data and calories:  2024-01-04 00:00:00 +0000 UTC 480
debug 2024/07/13 17:41:21 data and calories:  2024-01-03 00:00:00 +0000 UTC 828
debug 2024/07/13 17:41:21 

debug 2024/07/13 17:41:21 

debug 2024/07/13 17:41:23 

debug 2024/07/13 17:41:24 

debug 2024/07/13 17:41:25 data and calories:  2024-01-06 00:00:00 +0000 UTC 970
debug 2024/07/13 17:41:25 data and calories:  2024-01-05 00:00:00 +0000 UTC 744
debug 2024/07/13 17:41:25 data and calories:  2024-01-04 00:00:00 +0000 UTC 480
debug 2024/07/13 17:41:25 data and calories:  2024-01-03 00:00:00 +0000 UTC 828
debug 2024/07/13 17:41:25 

debug 2024/07/13 17:41:25 data and calories:  2024-01-13 00:00:00 +0000 UTC 904
debug 2024/07/13 17:41:25 data and calories:  2024-01-12 00:00:00 +0000 UTC 904
debug 2024/07/13 17:41:25 data and calories:  2024-01-11 00:00:00 +0000 UTC 510
debug 2024/07/13 17:41:25 data and calories:  2024-01-10 00:00:00 +0000 UTC 918
debug 2024/07/13 17:41:25 data and calories:  2024-01-09 00:00:00 +0000 UTC 752
debug 2024/07/13 17:41:25 data and calories:  2024-01-08 00:00:00 +0000 UTC 488
debug 2024/07/13 17:41:25 data and calories:  2024-01-07 00:00:00 +0000 UTC 768
debug 2024/07/13 17:41:25 

debug 2024/07/13 17:41:26 data and calories:  2024-01-20 00:00:00 +0000 UTC 411
debug 2024/07/13 17:41:26 data and calories:  2024-01-19 00:00:00 +0000 UTC 496
debug 2024/07/13 17:41:26 data and calories:  2024-01-18 00:00:00 +0000 UTC 668
debug 2024/07/13 17:41:26 data and calories:  2024-01-17 00:00:00 +0000 UTC 826
debug 2024/07/13 17:41:26 data and calories:  2024-01-16 00:00:00 +0000 UTC 646
debug 2024/07/13 17:41:26 data and calories:  2024-01-15 00:00:00 +0000 UTC 596
debug 2024/07/13 17:41:26 data and calories:  2024-01-14 00:00:00 +0000 UTC 828
debug 2024/07/13 17:41:26 

debug 2024/07/13 17:41:27 data and calories:  2024-01-27 00:00:00 +0000 UTC 680
debug 2024/07/13 17:41:27 data and calories:  2024-01-26 00:00:00 +0000 UTC 904
debug 2024/07/13 17:41:27 data and calories:  2024-01-25 00:00:00 +0000 UTC 596
debug 2024/07/13 17:41:27 data and calories:  2024-01-24 00:00:00 +0000 UTC 596
debug 2024/07/13 17:41:27 data and calories:  2024-01-23 00:00:00 +0000 UTC 532
debug 2024/07/13 17:41:27 data and calories:  2024-01-22 00:00:00 +0000 UTC 900
debug 2024/07/13 17:41:27 data and calories:  2024-01-21 00:00:00 +0000 UTC 448
debug 2024/07/13 17:41:27 data and calories:  2024-01-20 00:00:00 +0000 UTC 411
debug 2024/07/13 17:41:27 

debug 2024/07/13 17:41:27 data and calories:  2024-02-03 00:00:00 +0000 UTC 924
debug 2024/07/13 17:41:27 data and calories:  2024-02-02 00:00:00 +0000 UTC 956
debug 2024/07/13 17:41:27 data and calories:  2024-02-01 00:00:00 +0000 UTC 958
debug 2024/07/13 17:41:27 data and calories:  2024-01-31 00:00:00 +0000 UTC 742
debug 2024/07/13 17:41:27 data and calories:  2024-01-30 00:00:00 +0000 UTC 764
debug 2024/07/13 17:41:27 data and calories:  2024-01-29 00:00:00 +0000 UTC 956
debug 2024/07/13 17:41:27 data and calories:  2024-01-28 00:00:00 +0000 UTC 510
debug 2024/07/13 17:41:27 

debug 2024/07/13 17:41:27 data and calories:  2024-02-10 00:00:00 +0000 UTC 834
debug 2024/07/13 17:41:27 data and calories:  2024-02-09 00:00:00 +0000 UTC 776
debug 2024/07/13 17:41:27 data and calories:  2024-02-08 00:00:00 +0000 UTC 406
debug 2024/07/13 17:41:27 data and calories:  2024-02-07 00:00:00 +0000 UTC 448
debug 2024/07/13 17:41:27 data and calories:  2024-02-06 00:00:00 +0000 UTC 406
debug 2024/07/13 17:41:27 data and calories:  2024-02-05 00:00:00 +0000 UTC 482
debug 2024/07/13 17:41:27 data and calories:  2024-02-04 00:00:00 +0000 UTC 626
debug 2024/07/13 17:41:27 

debug 2024/07/13 17:41:27 data and calories:  2024-02-17 00:00:00 +0000 UTC 646
debug 2024/07/13 17:41:27 data and calories:  2024-02-16 00:00:00 +0000 UTC 822
debug 2024/07/13 17:41:27 data and calories:  2024-02-15 00:00:00 +0000 UTC 546
debug 2024/07/13 17:41:27 data and calories:  2024-02-14 00:00:00 +0000 UTC 932
debug 2024/07/13 17:41:27 data and calories:  2024-02-13 00:00:00 +0000 UTC 440
debug 2024/07/13 17:41:27 data and calories:  2024-02-12 00:00:00 +0000 UTC 834
debug 2024/07/13 17:41:27 data and calories:  2024-02-11 00:00:00 +0000 UTC 744
debug 2024/07/13 17:41:27 

debug 2024/07/14 00:22:42 &{0x1400017e3f0 <nil> 1 0x14000003a40 0}
debug 2024/07/14 00:22:47 &{0x140000f83f0 <nil> 1 0x14000104700 0}
debug 2024/07/14 00:23:38 &{0x140004c2000 <nil> 1 0x140004a2700 0}
debug 2024/07/14 00:25:08 earliestDietTimestamp: 1704256200000
